Код товара,Номенклатура / Сеть,Группа,Марка,Тип товара,Январь 2023,Февраль 2023,Март 2023,Апрель 2023,Май 2023,Июнь 2023,Июль 2023,Август 2023,Сентябрь 2023,Октябрь 2023,Ноябрь 2023,Декабрь 2023,Январь 2024,Февраль 2024,Март 2024,Апрель 2024,Май 2024,Июнь 2024,Июль 2024,Август 2024,Сентябрь 2024,Октябрь 2024,Ноябрь 2024
AALTH0-000004,"АА9201 Чайник Althaus, 400 мл",Посуда,ALTHAUS,Чайная,38,131,89,96,161,62,28,67,181,106,118,211,26,77,28,41,21,32,10,1,17,34,117
AALTH0-000005,АА9204 Фильтр-ситечко Althaus,Посуда,ALTHAUS,Чайная,15,82,21,18,31,12,12,18,21,26,30,6,0,30,13,13,2,0,15,0,7,10,20
AALTH0-000006,"АА9202 Чайная пара Althaus, 200 мл",Посуда,ALTHAUS,Чайная,0,0,0,194,228,126,78,98,72,166,152,60,6,136,87,170,60,48,24,0,39,48,58
AALTH0-000014,АА9320 Бокал стеклянный Althaus,Посуда,ALTHAUS,Чайная,6,0,0,0,30,0,18,12,0,0,18,12,12,12,0,7,18,0,0,12,24,0,0
AALTH0-000016,"АА9005 Банка Althaus жестяная маленькая, 250г",Аксессуары,ALTHAUS,Стенды,57,27,130,67,0,74,64,51,34,2,42,25,1,24,21,31,21,0,122,94,86,114,5
ALAVA0-000004,арт.20002141 Блюдце для чашки американо Lavazza Blu collection,Посуда,LAVAZZA,Кофейная,0,12,12,0,0,0,0,0,0,0,0,0,0,6,0,0,0,0,0,0,0,0,0
ALAVA0-000006,арт.20002131 Чашка капучино Lavazza Blu collection,Посуда,LAVAZZA,Кофейная,18,90,24,42,60,54,18,18,12,12,30,60,0,0,0,12,18,36,0,0,0,0,0
ALAVA0-000014,арт.20002124 Чашка эспрессо Lavazza Blu collection,Посуда,LAVAZZA,Кофейная,72,84,36,24,24,36,6,0,0,12,0,6,0,0,0,0,12,12,0,0,0,0,0
AMLT00-000007,ОДНОРАЗ. ФИЛЬТР-ЧАШ 250ШТ NOVO,Аксессуары,BRAVILOR,Одноразовые,8,17,10,14,14,15,16,9,4,23,9,10,12,19,8,30,2,11,10,14,36,16,21
ANDSHR-000001,435944 Neodisher Alka 500 (1л) для капучинатора,Чистящее средство,NEODISHER,Молочная система,0,0,0,0,0,0,0,0,0,0,0,0,0,0,0,102,44,58,55,47,45,32,64
ANDSHR-000002,326583 Neodisher CM tabs (бан 200шт) Таблетки для суперавтоматов,Чистящее средство,NEODISHER,Кофейная система,0,0,0,0,0,0,0,0,0,0,0,0,0,0,0,79,89,61,50,44,18,38,41
ANDSHR-000003,350882 Neodisher CM special (1кг) Порошок для удаления накипи,Чистящее средство,NEODISHER,Гидросистема,0,0,0,1,0,0,0,0,0,0,5,3,9,22,24,51,43,45,65,55,25,34,51
ANDSHR-000008,"ANDSHR-000008 3323324000 ТАБЛЕТКИ ДЛЯ ПРОЧИСТКИ WMF1,3G",Чистящее средство,WMF,Кофейная система,225,163,277,183,244,260,283,211,263,300,571,946,641,535,779,603,346,1178,676,385,282,354,1096
ANDSHR-000009,350782 Neodisher CM P (банка 1кг) для классич кофемашин,Чистящее средство,NEODISHER,Кофейная система,47,66,65,45,1,1,0,0,0,0,25,26,20,50,30,49,37,39,50,52,52,45,49
ANDSHR-000025,ANDSHR-000025 3306836000 WMF ср-во очистки молочной системы 1 литр,Чистящее средство,WMF,Молочная система,124,89,277,133,99,135,161,88,41,195,223,226,224,183,143,128,166,135,251,176,145,201,326
ANDSHR-000027,ANDSHR-000027 3326220000 ТАБЛЕТКИ WMF МОЛОЧНОЙ СИСТ 10 ГР,Чистящее средство,WMF,Молочная система,46,32,105,102,57,99,76,103,96,82,329,789,459,379,575,512,344,1037,604,464,240,235,1042
ANIKT0-000001,"АН9250 Чайник Niktea, 450 мл",Посуда,NIKTEA,Чайная,0,0,0,20,31,20,38,9,43,48,44,94,0,35,33,6,23,18,18,14,49,18,43
ANIKT0-000002,"АН9251 Чайная пара Niktea, 150 мл",Посуда,NIKTEA,Чайная,80,198,168,72,92,134,102,78,71,108,182,138,72,54,48,72,30,30,42,72,78,105,144
ANIKT0-000003,АН9252 Фильтр-ситечко Niktea,Посуда,NIKTEA,Чайная,0,1,6,0,10,14,12,0,17,10,16,36,0,0,12,0,0,0,0,0,10,18,24
AST000-000004,"СТАКАН ""HUHTAMAKI"" 200МЛ SP9",Посуда,HUHTAMAKI,Одноразовая,2550,2950,4450,2950,1950,5300,5200,3800,1713,4950,2800,3050,4000,3450,3900,2350,2300,2200,14200,1400,3650,2300,5500
AST000-000005,"СТАКАН ""HUHTAMAKI""300МЛ  SP12",Посуда,HUHTAMAKI,Одноразовая,2100,4900,4350,4700,2750,9150,5700,5550,7750,3400,4350,3650,3950,1500,4800,1000,1200,1300,1000,1000,3150,1000,950
AST000-000009,"КРЫШКА ""HUHTAMAKI"" TL80 для стаканов 200млSP9",Посуда,HUHTAMAKI,Одноразовая,2700,3800,2900,3800,1100,4700,3600,3300,1507,4000,2300,1800,3100,2200,800,0,2100,1700,11300,1500,1600,1400,4900
AST000-000010,ДЕРЖАТЕЛЬ ДЛЯ 2 СТАКАНОВ HUHTA,Посуда,HUHTAMAKI,Одноразовая,0,150,0,300,450,450,150,0,150,150,0,300,300,0,150,150,0,0,150,0,0,0,0
AST000-000013,"СТАКАН ""HUHTAMAKI"" 400МЛ SP16",Посуда,HUHTAMAKI,Одноразовая,900,900,2400,650,900,350,0,450,700,500,850,700,1050,950,700,400,2385,765,450,900,1620,1485,2880
AST000-000041,"Стакан бумажный Impassion, 350 мл",Посуда,IMPASSION,Одноразовая,0,0,0,0,0,5400,2675,3925,325,1700,400,0,0,900,475,600,1000,900,550,1325,500,975,5500
AST000-000048,"5050 Коф.пара Impassion эспрессо, красная, 80 мл",Посуда,IMPASSION,Кофейная,42,48,60,108,48,24,110,84,66,34,73,60,12,36,30,30,12,28,12,12,12,6,24
ASWSH0-000001,Помпа-дозатор для сиропов SweetShot,Аксессуары,SweetShot,Барные,62,77,48,13,66,33,30,19,5,14,19,29,13,12,0,5,0,31,30,23,10,31,10
CAFBOR-000009,"Кофе Импэшн Интенсо, зерно, 1 кг",Кофе,IMPASSION,Зерновой,0,0,0,0,0,0,0,0,0,0,0,13,15,17,75,77,40,184,131,168,141,292,309
CCHCLD-000005,"Горячий шоколад Кокая Классик Браун, 1 кг",Шоколад Горячий,DARBOVEN,Молотый,1983,2427,2972,2992,2683,1972,1704,2595,3560,3623,3628,4137,2595,1901,1083,4099,2738,1691,1779,2924,2720,3034,1899
CIMPCH-000058,"Кофе Импэшн Венеция, зерно, 1 кг",Кофе,IMPASSION,Зерновой,442,702,790,877,775,354,734,1223,850,613,782,934,392,659,707,747,806,278,392,569,312,528,429
CIMPCH-000059,"Кофе Импэшн Гран Крю, 1 кг",Кофе,IMPASSION_R18,Зерновой,220,271,360,402,390,357,362,584,454,570,449,482,453,409,574,715,696,693,716,786,764,873,690
CIMPCH-000060,"Кофе Импэшн Лайф, зерно, 1 кг",Кофе,IMPASSION_R18,Зерновой,612,696,852,794,911,755,721,947,784,980,773,1081,731,939,914,968,1028,992,866,914,1418,1215,1222
CIMPCH-000061,"Кофе Импэшн Фреш, зерно, 1 кг",Кофе,IMPASSION_R18,Зерновой,1023,1022,1542,1461,1271,1246,1125,1506,1738,1508,1799,2097,1422,1650,1972,1945,2037,1707,1809,1958,2010,2765,1735
CIMPCH-000062,"Кофе Импэшн Бэйсик, зерно, 1 кг",Кофе,IMPASSION_R18,Зерновой,2633,2908,3878,4128,4219,4748,4560,5358,5519,6070,5835,6726,4218,5405,5898,7167,5324,6185,6612,7121,6681,7482,6604
CIMPCH-000067,Кофе Обломов Смесь №1 Бразилия - Эфиопия 0.25 кг,Кофе,СТМ,Зерновой,0,0,18,0,0,0,0,6,0,6,0,0,0,0,6,0,0,0,0,0,0,0,0
CIMPCH-000068,Кофе Обломов Смесь №2 Бразилия - Колумбия - Уганда 0.25 кг,Кофе,СТМ,Зерновой,0,0,0,0,0,0,0,0,0,0,0,0,0,0,0,5,0,0,0,0,0,0,0
CIMPCH-000074,"Кофе Импэшн Бэйсик Дарк (темная обжарка), зерно, 1 кг",Кофе,IMPASSION_R18,Зерновой,2796,2563,3104,3902,3496,3704,3541,3845,4218,4306,4755,5043,3537,3155,4153,4182,4399,3120,3517,3772,3896,4047,4208
CIMPCH-000075,"Кофе Оазис (темная обжарка), зерно 1 кг",Кофе,СТМ,Зерновой,0,0,0,0,0,0,0,0,0,0,0,41,0,0,0,0,0,0,0,0,0,0,0
CIMPCH-000076,"Кофе Гватемала (WRF/Impassion), зерно 1 кг",Кофе,СТМ,Зерновой,0,0,2,0,7,10,1,0,0,0,148,0,0,0,0,12,0,0,0,0,0,0,3
CIMPCH-000082,"Кофе Oasis Brazil /Оазис Бразилия , зерно, герметичная упаковка, 250 г",Кофе,СТМ,Зерновой,0,0,0,0,0,0,0,0,0,0,0,0,2,0,0,0,0,0,0,0,0,0,0
CIMPCH-000084,"Кофе Oasis Columbia /Оазис Колумбия , зерно, герметичная упаковка, 250 г",Кофе,СТМ,Зерновой,0,0,0,0,0,0,0,0,0,0,0,0,1,0,0,0,0,0,0,0,0,0,0
CIMPCH-000087,"Кофе Импэшн Блю Эспрессо № 1, зерно, 1 кг",Кофе,IMPASSION_R18,Зерновой,564,817,979,1139,935,970,1063,1151,1086,1105,1290,1428,846,1152,1092,1154,1240,1174,1158,955,1188,1171,923
CIMPCH-000088,"Кофе Импэшн Голд Эспрессо № 2, зерно, 1 кг",Кофе,IMPASSION_R18,Зерновой,492,706,770,1039,798,905,844,976,1135,1096,1124,1181,797,1257,1120,1163,1069,994,1171,1203,1181,1262,1363
CIMPCH-000089,"Кофе Импэшн Гватемала, зерно, 1 кг",Кофе,IMPASSION_R18,Зерновой,26,25,37,56,22,13,36,17,77,72,116,120,22,101,61,138,103,125,275,77,64,254,82
CIMPCH-000094,"Капсулы Impassion Fresh Light, короб 50 шт.",Кофе,IMPASSION,Порционный,0,0,1,0,0,0,0,0,1,0,0,0,0,3,0,0,0,0,0,0,0,0,0
CIMPCH-000095,"Капсулы Impassion Fresh Dark, короб 50 шт.",Кофе,IMPASSION,Порционный,0,0,1,0,0,0,0,0,1,0,1,1,0,0,0,0,1,0,1,2,0,0,0
CIMPCH-000097,"Горячий Шоколад Impassion Pure, 500 г",Шоколад Горячий,IMPASSION,Молотый,15,47,19,72,37,34,33,38,44,107,61,92,49,87,104,42,75,73,32,65,70,106,252
CIMPCH-000098,"Горячий Шоколад Impassion Light, 1000 г",Шоколад Горячий,IMPASSION,Молотый,18,17,31,17,22,17,15,13,43,21,45,56,14,24,37,15,21,22,11,16,47,78,85
CIMPCH-000099,"Горячий Шоколад Impassion Dense, 1000 г",Шоколад Горячий,IMPASSION,Молотый,60,81,77,67,81,47,67,74,28,183,127,169,97,97,118,102,105,89,30,81,95,124,253
CIMPCH-000100,"Горячий Шоколад Impassion Easy, 1000 г",Шоколад Горячий,IMPASSION,Молотый,0,4,0,10,10,5,0,7,1,0,5,76,2,6,3,21,3,10,2,1,24,69,32
CIMPCH-000103,"Кофе Импэшн Фреш (темная обжарка),зерновой, 1000 гр (Питер)",Кофе,СТМ,Зерновой,0,0,0,0,0,0,3,0,0,0,0,0,0,0,0,0,0,0,0,0,0,7,0
CIMPCH-000104,"Кофе Импэшн Бэйсик  молотый, 500 гр",Кофе,IMPASSION_R18,Молотый,0,194,533,264,460,601,607,161,332,543,521,507,137,781,733,1551,457,1168,1066,572,801,1651,1539
CIMPCH-000105,"Кофе Импэшн Голд молотый, 500 гр. 100% арабика",Кофе,IMPASSION_R18,Молотый,0,43,22,0,1,0,0,1,30,30,5,202,4,6,5,38,57,108,21,17,52,36,76
CIMPCH-000110,"Кофе Импэшн Арома, зерно, 1 кг",Кофе,IMPASSION,Зерновой,1364,1853,2337,2034,1278,2037,1933,1846,1383,1371,1227,1603,750,969,943,1025,863,590,775,302,757,353,399
CIMPCH-000112,"Кофе Импэшн Для Турки, молотый,  250 г",Кофе,IMPASSION_R18,Молотый,0,0,0,0,0,0,2,0,4,0,2,9,7,16,2,10,11,5,9,2,1,1,7
CIMPCH-000113,"Кофе Импэшн Фреш (темная обжарка),зерновой, 1000 гр",Кофе,IMPASSION_R18,Зерновой,0,0,0,0,0,0,0,69,298,170,283,403,251,409,491,567,633,397,457,515,472,752,687
CIMPCH-000117,"Кофе R18 Эфиопия Челчече зерно, 250 г",Кофе,СТМ,Зерновой,0,0,0,0,0,0,0,0,0,0,0,0,0,0,8,0,0,0,0,0,0,0,0
CIMPCH-000118,"Кофе Импэшн молотый, 250 г",Кофе,IMPASSION_R18,Молотый,0,0,0,0,0,0,0,0,0,0,0,0,0,0,0,0,6,12,0,0,1,43,24
CIMPCH-000119,"Кофе Импэшн Эспрессо Дарк, зерно, 250 г",Кофе,IMPASSION_R18,Зерновой,0,0,0,0,0,0,0,0,0,0,0,0,0,0,0,0,6,0,0,0,0,0,0
CIMPCH-000120,"Кофе Импэшн Эспрессо Классик, зерно, 250 г",Кофе,IMPASSION_R18,Зерновой,0,0,0,0,0,0,0,0,0,0,0,0,0,0,0,0,6,0,0,0,0,0,0
CIMPCH-000121,"Кофе R18 Гватемала Аярза зерно, 1 кг",Кофе,R18,Зерновой,0,0,0,0,0,0,0,0,0,0,0,0,0,0,0,0,10,3,22,150,142,203,181
CIMPCH-000125,"Кофе R18 Колумбия Андино зерно, 1 кг",Кофе,R18,Зерновой,0,0,0,0,0,0,0,0,0,0,0,0,0,0,0,0,5,33,209,173,148,285,225
CIMPCH-000132,"Горячий Шоколад Impassion CHOCO, 1 000 г",Шоколад Горячий,IMPASSION,Молотый,0,0,0,0,0,0,0,0,0,0,0,0,0,0,0,0,0,0,0,0,162,641,2601
CLAV00-P10001,"арт.2490 Кофе Лавацца Крема и Арома, зерно, 1 кг",Кофе,LAVAZZA,Зерновой,973,1664,1965,1598,1938,1770,2238,1760,1744,1710,1726,2263,1030,1684,1368,2230,947,1336,1691,1311,1429,1150,1340
CLAV00-P10002,"арт.4202 Кофе Лавацца Супер Крема, зерно, 1 кг",Кофе,LAVAZZA,Зерновой,1641,2626,2284,2018,2422,2287,2522,1976,2057,1577,1447,867,673,482,518,813,278,474,637,674,777,434,768
CLAV00-P10003,"арт.2010 Кофе Лавацца Топ Класс, зерно, 1 кг",Кофе,LAVAZZA,Зерновой,140,518,895,555,491,492,480,641,743,474,569,799,438,217,396,716,98,498,376,672,593,379,456
CLAV00-P10004,"арт.4320 Кофе Лавацца Голд Селекшен, зерно, 1 кг",Кофе,LAVAZZA,Зерновой,144,132,259,169,116,159,142,182,209,254,97,260,169,133,130,196,155,57,198,165,102,82,54
CLAV00-P10012,"арт.2134 Кофе Лавацца Гран Эспрессо, зерно, 1кг",Кофе,LAVAZZA,Зерновой,555,320,279,334,128,78,187,242,195,269,256,288,83,180,0,329,145,89,201,84,292,111,192
CLAV00-P10013,"арт.518 Капсулы Лавацца Блю Декафеинато, 100 шт",Кофе,LAVAZZA,Порционный,1,0,2,0,4,1,4,4,6,2,5,3,4,1,1,3,0,4,0,2,2,2,2
CLAV00-P10020,"арт.510 Капсулы Лавацца Блю Каффе Крема, 100 шт",Кофе,LAVAZZA,Порционный,20,60,181,411,364,450,676,512,439,265,379,575,81,343,334,215,529,336,301,223,126,92,141
CLAV00-P10040,"арт.1095 Чалды без кофеина Лавацца Дек Эспрессо, 18 шт/уп",Кофе,LAVAZZA,Порционный,63,123,190,151,136,131,130,207,147,160,15,0,0,0,0,112,93,63,131,95,112,140,193
CLAV00-P10041,"арт.1057 Кофе Лавацца Дек, зерно, 500 г",Кофе,LAVAZZA,Зерновой,70,81,100,34,70,56,85,12,12,11,42,16,7,17,11,32,17,20,10,9,17,8,11
CLAV00-P10042,"арт.519 Капсулы Лавацца Блю Эспрессо Тиерра, 100 шт",Кофе,LAVAZZA,Порционный,7,10,16,20,24,54,62,49,32,32,41,26,28,49,40,18,38,17,35,23,6,38,17
CLAV00-P10048,"арт.2200 Кофе Лавацца Ла Резерва Де Тиерра Колумбия, зерно, 1 кг",Кофе,LAVAZZA,Зерновой,79,217,143,225,182,209,275,161,223,203,198,335,125,187,132,193,25,57,63,56,68,43,271
CLAV00-P10049,"арт.2202 Кофе Лавацца Ла Резерва Де Тиерра Селекшн, зерно, 1 кг",Кофе,LAVAZZA,Зерновой,389,622,536,545,604,603,662,655,575,616,584,631,241,442,427,583,381,458,415,468,486,443,168
CLAV00-P10051,"арт.2214 Кофе Лавацца Ла Резерва Де Тиерра Бразилия, зерно, 1 кг",Кофе,LAVAZZA,Зерновой,46,26,37,30,43,20,41,63,20,26,78,25,44,47,24,43,0,0,0,17,15,36,23
CLAV00-P10061,"арт.4502 Чалды Лавацца Гран Эспрессо , 150 шт",Кофе,LAVAZZA,Порционный,0,0,0,0,0,50,0,35,11,4,0,0,0,10,0,0,0,0,0,0,0,0,0
MGMFAL-100T12,Напиток фундучный на соевой основе Green Milk Barista гфр-12Тетра Пак-(1л) 12л,Альтернативное молоко (маркируемые),Green Milk,Альтернативное молоко,0,0,0,0,0,0,0,0,0,0,0,0,0,0,0,0,186,209,126,217,462,251,317
MGMMAL-100T12,Напиток миндальный на соевой основе Green Milk Barista гфр-12Тетра Пак-(1л) 12л,Альтернативное молоко (маркируемые),Green Milk,Альтернативное молоко,269,387,763,651,435,379,532,503,493,488,557,656,364,566,839,793,648,596,623,703,779,560,671
MGMNCB-100T12,"Напиток б/а банановый на соевой основе Green Milk Banana (Банан) гфр-12Тетра Пак-(1,0)",Альтернативное молоко (маркируемые),Green Milk,Альтернативное молоко,138,168,375,409,242,227,340,294,267,296,264,180,323,353,539,469,408,293,222,336,505,163,376
MGMPCO-100T12,Напиток б/а кокосовый на соевой основе Green Milk Professional Coconut (Кокос) гфр-12Тетра Пак-(1л),Альтернативное молоко (маркируемые),Green Milk,Альтернативное молоко,511,591,1268,1006,821,817,936,827,835,1111,1088,1011,752,985,938,1461,1136,791,1143,975,716,1317,684
MGMPHA-100T12,Напиток б/а из растительного сырья на рисовой основе Green Milk Professional Hazelnut (Фундук) гфр-,Альтернативное молоко (маркируемые),Green Milk,Альтернативное молоко,103,91,233,408,244,223,271,223,204,154,145,298,64,211,169,286,153,4,0,0,0,0,0
MGMPOV-100T12,Напиток б/а овсяный на соевой основе Green Milk Professional гфр-12Тетра Пак-(1л),Альтернативное молоко (маркируемые),Green Milk,Альтернативное молоко,0,0,0,0,0,22,5,27,30,36,44,12,47,17,78,5,73,15,42,18,93,5,6
MGMPSO-100T12,"Напиток б/а из сои, обогащенный кальцием и витаминами, Green Milk Professional Soya (Соя) гфр-12Тет",Альтернативное молоко (маркируемые),Green Milk,Альтернативное молоко,32,45,399,153,260,174,152,145,124,376,72,228,52,168,162,161,131,107,146,94,179,247,53
MLHZ10-100T12,"Сливки Professional Line 10%, 1л.",Молочные продукты (Маркируемые),ЭкоНива,Сливки,216,648,414,744,1140,792,373,552,444,468,296,412,315,448,204,492,420,528,300,420,336,444,586
MLHZ25-100T12,"Молоко ЭкоНива 2,5%, 1 л.",Молочные продукты (Маркируемые),ЭкоНива,Молоко,2268,1932,1080,4512,6360,4392,4464,6072,4452,1260,6360,5832,6060,7008,11255,10056,10812,6924,7788,7860,9227,4224,8412
MLHZ32-100T12,"Молоко ЭкоНива 3,2%, 1 л.",Молочные продукты (Маркируемые),ЭкоНива,Молоко,9816,12708,13391,16619,18060,16404,12672,15012,15188,20928,14328,16188,12828,14652,15972,17459,14556,14400,11640,11196,15300,19344,14184
MLHZ35-100T12,"Молоко ЭкоНива 3,5%, 1 л.",Молочные продукты (Маркируемые),ЭкоНива,Молоко,756,540,972,2928,2412,3696,3012,3456,3036,3251,2304,3108,1152,1884,2304,2244,2676,1692,2100,2352,2520,1668,1836
SCLASV-000001,"Кордиал ""CLAVIS"" ""Арбуз, Безалкогольный биттер"", стекло, 0,75 л",Сироп,Clavis,СБ,0,0,0,0,0,0,0,0,0,0,0,0,0,0,0,39,15,26,62,56,13,12,20
SCLASV-000002,"Кордиал ""CLAVIS"" ""Базилик"", стекло, 0,75 л",Сироп,Clavis,СБ,0,0,0,0,0,0,0,0,0,0,0,0,0,0,0,6,7,74,82,91,50,15,18
SCLASV-000004,"Кордиал ""CLAVIS"" ""Голубика, Васильки, Черёмуха"", стекло, 0,75 л",Сироп,Clavis,СБ,0,0,0,0,0,0,0,0,0,0,0,0,0,0,0,44,48,149,146,132,97,58,27
SCLASV-000005,"Кордиал ""CLAVIS"" ""Груша, Жасмин, Виноград"", стекло, 0,75 л",Сироп,Clavis,СБ,0,0,0,0,0,0,0,0,0,0,0,0,0,0,0,58,36,29,66,68,75,53,30
SCLASV-000006,"Кордиал ""CLAVIS"" ""Драгонфрут, Личи, Белый кардамон"", стекло, 0,75 л",Сироп,Clavis,СБ,0,0,0,0,0,0,0,0,0,0,0,0,0,0,0,34,59,80,115,111,33,32,43
SCLASV-000007,"Кордиал ""CLAVIS"" ""Земляника, Шисо, Лемонграсс"", стекло, 0,75 л",Сироп,Clavis,СБ,0,0,0,0,0,0,0,0,0,0,0,0,0,0,0,48,47,53,56,70,53,17,7
SCLASV-000008,"Кордиал ""CLAVIS"" ""Кастелла кейк, Клубника, Бобы тонка"", стекло, 0,75 л",Сироп,Clavis,СБ,0,0,0,0,0,0,0,0,0,0,0,0,0,0,0,39,118,263,280,190,149,83,29
SCLASV-000009,"Кордиал ""CLAVIS"" ""Кинза, Черешня, Конопля"", стекло, 0,75 л",Сироп,Clavis,СБ,0,0,0,0,0,0,0,0,0,0,0,0,0,0,0,7,2,30,13,19,13,17,2
SCLASV-000010,"Кордиал ""CLAVIS"" ""Клюква, Цитрус, Розмарин"", стекло, 0,75 л",Сироп,Clavis,СБ,0,0,0,0,0,0,0,0,0,0,0,0,0,0,0,14,35,36,67,35,27,11,32
SCLASV-000011,"Кордиал ""CLAVIS"" ""Лаванда, Зизифора, Кактус"", стекло, 0,75 л",Сироп,Clavis,СБ,0,0,0,0,0,0,0,0,0,0,0,0,0,0,0,53,46,70,66,92,61,38,25
SCLASV-000012,"Кордиал ""CLAVIS"" ""Ладан, Чёрная смородина"", стекло, 0,75 л",Сироп,Clavis,СБ,0,0,0,0,0,0,0,0,0,0,0,0,0,0,0,6,14,22,26,124,93,10,17
SCLASV-000013,"Кордиал ""CLAVIS"" ""Лимонный мирт, Иланг-иланг, Вербена"", стекло, 0,75 л",Сироп,Clavis,СБ,0,0,0,0,0,0,0,0,0,0,0,0,0,0,0,4,28,7,22,14,7,8,8
SCLASV-000014,"Кордиал ""CLAVIS"" ""Лимонный тарт, Сенча, Ваниль"", стекло, 0,75 л",Сироп,Clavis,СБ,0,0,0,0,0,0,0,0,0,0,0,0,0,0,0,9,11,8,4,3,10,10,4
SCLASV-000015,"Кордиал ""CLAVIS"" ""Манго, Маракуйя, Кокос"", стекло, 0,75 л",Сироп,Clavis,СБ,0,0,0,0,0,0,0,0,0,0,0,0,0,0,0,81,221,168,191,162,151,85,69
SCLASV-000016,"Кордиал ""CLAVIS"" ""Мандарин, Безалкогольный биттер"", стекло, 0,75 л",Сироп,Clavis,СБ,0,0,0,0,0,0,0,0,0,0,0,0,0,0,0,2,4,2,10,1,0,21,16
SCLASV-000017,"Кордиал ""CLAVIS"" ""Морошка, Малина, Пихта"", стекло, 0,75 л",Сироп,Clavis,СБ,0,0,0,0,0,0,0,0,0,0,0,0,0,0,0,23,14,36,33,27,49,28,29
SCLASV-000018,"Кордиал ""CLAVIS"" ""Пандан, Банан, Безалкогольный вермут"", стекло, 0,75 л",Сироп,Clavis,СБ,0,0,0,0,0,0,0,0,0,0,0,0,0,0,0,20,10,20,6,13,27,10,35
SCLASV-000019,"Кордиал ""CLAVIS"" ""Персик, Ханибуш, Каффирский лайм, Эстрагон"", стекло, 0,75 л",Сироп,Clavis,СБ,0,0,0,0,0,0,0,0,0,0,0,0,0,0,0,29,107,128,95,78,32,19,20
SCLASV-000020,"Кордиал ""CLAVIS"" ""Роза, Ревень, Грейпфрут"", стекло, 0,75 л",Сироп,Clavis,СБ,0,0,0,0,0,0,0,0,0,0,0,0,0,0,0,35,54,33,41,33,15,20,12
SCLASV-000021,"Кордиал ""CLAVIS"" ""Саган дайля, Ваниль, Зеленое яблоко"", стекло, 0,75 л",Сироп,Clavis,СБ,0,0,0,0,0,0,0,0,0,0,0,0,0,0,0,52,37,63,59,42,40,38,9
SCLASV-000022,"Кордиал ""CLAVIS"" ""Юдзу, Бамбук, Лемонграсс"", стекло, 0,75 л",Сироп,Clavis,СБ,0,0,0,0,0,0,0,0,0,0,0,0,0,0,0,29,48,73,56,43,13,18,17
SCLASV-000023,"Парфюм ""CLAVIS"" ""Апельсиновая цедра"", стекло, 0,03 л",Сироп,Clavis,СБ,0,0,0,0,0,0,0,0,0,0,0,0,0,0,0,2,1,0,0,-1,12,1,2
SCLASV-000024,"Парфюм ""CLAVIS"" ""Бузина"", стекло, 0,03 л",Сироп,Clavis,СБ,0,0,0,0,0,0,0,0,0,0,0,0,0,0,0,0,0,0,0,0,0,0,2
SCLASV-000026,"Парфюм ""CLAVIS"" ""Лаванда"", стекло, 0,03 л",Сироп,Clavis,СБ,0,0,0,0,0,0,0,0,0,0,0,0,0,0,0,1,2,1,0,0,0,0,1
SCLASV-000027,"Парфюм ""CLAVIS"" ""Личи"", стекло, 0,03 л",Сироп,Clavis,СБ,0,0,0,0,0,0,0,0,0,0,0,0,0,0,0,2,7,0,25,0,3,0,1
SCLASV-000028,"Парфюм ""CLAVIS"" ""Малина"", стекло, 0,03 л",Сироп,Clavis,СБ,0,0,0,0,0,0,0,0,0,0,0,0,0,0,0,3,2,0,0,0,4,0,1
SCLASV-000029,"Парфюм ""CLAVIS"" ""Манго"", стекло, 0,03 л",Сироп,Clavis,СБ,0,0,0,0,0,0,0,0,0,0,0,0,0,0,0,0,3,3,2,5,1,0,1
SCLASV-000030,"Парфюм ""CLAVIS"" ""Персик"", стекло, 0,03 л",Сироп,Clavis,СБ,0,0,0,0,0,0,0,0,0,0,0,0,0,0,0,3,5,0,0,0,0,0,0
SCLASV-000031,"Парфюм ""CLAVIS"" ""Тимьян"", стекло, 0,03 л",Сироп,Clavis,СБ,0,0,0,0,0,0,0,0,0,0,0,0,0,0,0,0,1,1,1,0,0,1,0
SCLASV-000032,"Парфюм ""CLAVIS"" ""Фейхоа"", стекло, 0,03 л",Сироп,Clavis,СБ,0,0,0,0,0,0,0,0,0,0,0,0,0,0,0,0,1,2,2,1,1,0,1
SCLASV-000033,"Парфюм ""CLAVIS"" ""Черёмуха"", стекло, 0,03 л",Сироп,Clavis,СБ,0,0,0,0,0,0,0,0,0,0,0,0,0,0,0,1,2,0,0,0,2,1,3
SCLASV-000034,"Сироп ""CLAVIS"" ""Малина, Маракуйя, Лемонграсс"", стекло, 0,75 л",Сироп,Clavis,СБ,0,0,0,0,0,0,0,0,0,0,0,0,0,0,0,0,5,7,44,64,32,7,3
SCLASV-000035,"Сироп ""CLAVIS"" ""Рислинг, Гранат, Шалфей"", стекло, 0,75 л",Сироп,Clavis,СБ,0,0,0,0,0,0,0,0,0,0,0,0,0,0,0,13,7,34,33,33,31,9,4
SCLASV-000036,"Сироп ""CLAVIS"" ""Фейхоа, Клубника, Мята"", стекло, 0,75 л",Сироп,Clavis,СБ,0,0,0,0,0,0,0,0,0,0,0,0,0,0,0,13,3,36,57,55,41,34,32
SCLASV-000037,"Кордиал ""CLAVIS"" ""Фейхоа, Еловые иголки"", стекло, 0,75 л",Сироп,Clavis,СБ,0,0,0,0,0,0,0,0,0,0,0,0,0,0,0,29,14,22,48,44,24,27,33
SCLASV-000038,"Сироп ""CLAVIS"" ""Смородина, Апельсин, Масала"", стекло, 0,75 л",Сироп,Clavis,СБ,0,0,0,0,0,0,0,0,0,0,0,0,0,0,0,0,12,73,162,133,60,24,28
SCLASV-000040,"Сироп ""CLAVIS"" ""Киви, Крыжовник, Эстрагон"", стекло, 0,75 л",Сироп,Clavis,СБ,0,0,0,0,0,0,0,0,0,0,0,0,0,0,0,0,28,41,44,18,42,25,2
SCLASV-000041,"Кордиал ""CLAVIS"" ""Wildberry spritz"", стекло, 0,75 л",Сироп,Clavis,СБ,0,0,0,0,0,0,0,0,0,0,0,0,0,0,0,0,7,23,46,57,22,13,13
SCLASV-000043,"Кордиал ""СLAVIS"" ""Passion Vanilla Tiny"", стекло, 0,5 л",Сироп,Clavis,СБ,0,0,0,0,0,0,0,0,0,0,0,0,0,0,0,0,0,0,0,1,4,0,0
SDIFF0-000008,"Сахар порционный, 2000 шт х 5 г",Сахар,ALTHAUS,Порционный сахар,213,265,317,309,241,339,264,279,312,284,376,427,223,241,247,283,232,217,215,191,210,273,259
SLONO0-000002,"107614 Помпа для сиропов MONIN 5 мл, стекло",Аксессуары,MONIN,Барные,0,0,0,0,0,0,16,35,24,54,71,13,20,67,50,72,39,35,14,0,16,14,0
SLONO0-000003,"132596 Помпа для сиропов MONIN 10 мл, стекло",Аксессуары,MONIN,Барные,0,0,0,0,0,0,0,38,21,30,67,6,10,184,31,105,10,6,42,46,22,0,3
SLONO0-000004,132595 Помпа для фруктовых основ MONIN,Аксессуары,MONIN,Барные,0,0,0,0,0,0,0,0,0,0,0,0,0,0,0,22,8,0,0,0,0,0,0
SMONN0-000039,"151588 Сироп ”Киви” «Монин», стекло, 1л",Сироп,MONIN,СБ,0,0,0,0,0,0,20,45,6,17,17,21,14,16,13,13,13,186,69,65,22,15,27
SMONN0-000041,"151503 Сироп ”Зеленая мята” «Монин», стекло, 1л",Сироп,MONIN,СБ,0,0,0,0,0,0,25,24,24,26,35,31,30,31,28,35,38,181,68,26,55,115,26
SMONN0-000057,"151573 Сироп ”Зеленое яблоко” «Монин», стекло, 1л",Сироп,MONIN,СБ,0,0,0,0,0,0,47,126,77,69,68,60,46,64,48,53,44,154,39,56,78,42,39
SMONN0-000068,"151508 Сироп ”Персик” «Монин», стекло, 1л",Сироп,MONIN,СБ,0,0,0,0,0,0,31,42,32,44,34,79,25,59,50,47,35,171,73,31,83,20,21
SMONN0-000071,"151572 Сироп ”Арбуз” «Монин», стекло, 1л",Сироп,MONIN,СБ,0,0,0,0,0,0,12,98,19,2,13,18,18,57,21,67,54,294,95,89,0,16,100
SMONN0-000082,"151506 Сироп ”Зеленый банан” «Монин», стекло, 1л",Сироп,MONIN,СБ,0,0,0,0,0,0,0,0,0,0,0,0,0,0,0,0,0,0,0,0,0,0,4
SMONN0-000117,"151537 Сироп ”Имбирь” «Монин», стекло, 1л",Сироп,MONIN,СБ,0,0,0,0,0,0,19,12,9,13,29,26,11,46,26,62,21,51,44,19,39,30,46
SMONN0-000127,"151561 Сироп ""Белый шоколад"" «Монин», стекло, 1л",Сироп,MONIN,СБ,0,0,0,0,0,0,20,30,9,17,23,24,4,39,2,19,1,0,1,36,36,23,5
SMONN0-000134,"150172 Сироп ""Французская ваниль"" «Монин», стекло, 1л",Сироп,MONIN,СБ,0,0,0,0,0,0,6,33,10,40,48,106,23,49,45,9,0,0,0,0,6,100,25
SMONN0-000138,"151543 Сироп ""Лесной орех обжаренный"" «Монин», стекло, 1л",Сироп,MONIN,СБ,0,0,0,0,0,0,15,22,7,19,15,21,18,18,4,23,5,13,18,15,22,37,8
SMONN0-000153,"150177 Сироп ”Розовый Грейпфрут” «Монин», стекло, 1л",Сироп,MONIN,СБ,0,0,0,0,0,0,33,137,83,69,92,86,48,53,363,123,202,424,244,142,94,94,96
SMONN0-000168,"151530 Сироп ”Земляника” «Монин», стекло, 1л",Сироп,MONIN,СБ,0,0,0,0,0,0,9,43,37,13,14,14,21,30,10,24,9,13,22,12,5,20,11
SMONN0-000175,"151593 Сироп ""Брауни"" «Монин», стекло, 1л",Сироп,MONIN,СБ,0,0,0,0,0,0,5,29,2,4,7,13,5,0,0,7,9,13,10,3,15,11,1
SMONN0-000179,"151571 Сироп ""Апельсиновый сприц"" «Монин», стекло, 1л",Сироп,MONIN,СБ,0,0,0,0,0,0,31,55,41,11,15,32,11,9,308,18,120,210,213,117,34,20,12
SMONN0-000243,"147906 Сироп ""Соленая карамель"" «Монин», стекло, 1л",Сироп,MONIN,СБ,1,0,0,0,0,0,80,153,107,97,162,175,144,283,225,392,181,413,276,478,206,275,205
SMONN0-000244,"151534 Сироп ”Имбирный пряник” «Монин», стекло, 1л",Сироп,MONIN,СБ,0,0,0,0,0,0,41,49,41,24,66,101,51,37,53,25,21,18,34,33,40,52,51
SMONN0-000245,"147892 Сироп ”Карамель” «Монин», стекло, 1л",Сироп,MONIN,СБ,0,0,0,0,0,0,128,381,221,257,233,267,210,227,283,398,276,491,332,392,403,298,248
SMONN0-000246,"147888 Сироп ”Миндаль” «Монин», стекло, 1л",Сироп,MONIN,СБ,0,0,0,0,0,0,48,118,62,88,62,84,80,70,102,90,61,205,54,54,153,47,53
SMONN0-000248,"147897 Сироп ""Гренадин"" «Монин», стекло, 1л",Сироп,MONIN,СБ,0,0,0,0,0,0,162,206,163,90,94,86,107,150,177,105,95,207,32,165,135,259,157
SMONN0-000249,"151599 Сироп ”Бузина” «Монин», стекло, 1л",Сироп,MONIN,СБ,0,0,0,0,0,0,26,62,37,27,36,34,30,37,50,60,87,173,61,34,96,44,17
SMONN0-000250,"151554 Сироп «Кюрасао Трипл Сек», «Монин»,стекло,1л",Сироп,MONIN,СБ,0,0,0,0,0,0,0,0,0,0,0,0,0,0,0,0,0,0,0,0,2,0,0
SMONN0-000260,"151507 Сироп ""Желтый банан"" «Монин», стекло, 1л",Сироп,MONIN,СБ,0,0,0,0,0,0,13,73,57,31,23,39,52,72,71,64,50,220,45,41,76,47,49
SMONN0-000261,"147895 Сироп ”Кокос” «Монин», стекло, 1л",Сироп,MONIN,СБ,0,0,0,0,0,0,106,188,107,138,166,149,101,144,178,194,176,311,268,150,217,181,119
SMONN0-000262,"153755 Сироп ”Лесной орех” «Монин», стекло, 1л",Сироп,MONIN,СБ,0,0,0,0,0,0,53,123,70,66,83,98,64,266,144,196,144,282,114,130,136,164,119
SMONN0-000263,"147904 Сироп ”Груша” «Монин», стекло, 1л",Сироп,MONIN,СБ,0,0,0,0,0,0,0,0,7,59,80,75,57,106,105,100,116,315,205,132,138,117,89
SMONN0-000264,"153881 Сироп ”Клубника” «Монин», стекло, 1л",Сироп,MONIN,СБ,0,0,0,0,0,0,121,475,182,213,178,252,178,266,333,338,360,703,557,450,473,348,257
SMONN0-000265,"147893	Сироп ""Шоколадное печенье"" «Монин» стекло1л",Сироп,MONIN,СБ,0,0,0,0,0,0,24,122,26,81,47,51,62,28,56,81,67,61,52,28,63,53,18
SMONN0-000266,"151577 Сироп ""Макадамия"" «Монин»стекло 1л",Сироп,MONIN,СБ,0,0,0,0,0,0,14,49,22,14,24,22,20,22,24,27,9,34,17,10,10,29,13
SMONN0-000271,"147903 Сироп ""Маракуйя"" «Монин» стекло1л",Сироп,MONIN,СБ,0,0,0,0,0,0,172,517,215,257,175,270,176,228,402,349,331,534,515,281,535,556,300
SMONN0-000272,"151559 Сироп ""Лайм"" «Монин» стекло 1л",Сироп,MONIN,СБ,0,0,0,0,0,0,0,0,0,11,18,31,13,9,36,22,48,114,42,120,57,15,36
SMONN0-000273,"147908 Сироп ""Ваниль"" «Монин»;стекло 1л",Сироп,MONIN,СБ,0,0,0,0,0,0,138,360,219,228,194,199,213,396,301,400,303,534,340,341,419,304,282
SMONN0-000274,"147889 Сироп ”Блю Кюрасао” «Монин», стекло, 1л",Сироп,MONIN,СБ,0,0,0,0,0,0,40,111,23,25,28,35,17,22,70,301,59,214,62,133,74,61,9
SMONN0-000275,"151565 Сироп «Роза» «Монин»,стекло,1л.",Сироп,MONIN,СБ,0,0,0,0,0,0,0,0,0,0,0,0,0,0,0,0,2,6,22,4,7,1,2
SMONN0-000276,"151549 Сироп ""Лаванда"" «Монин» стекло1л",Сироп,MONIN,СБ,0,0,0,0,0,0,44,101,97,48,93,104,50,42,51,145,134,279,217,115,145,33,87
SMONN0-000279,"151552 Сироп ""Фисташка"" «Монин» стекло 1л",Сироп,MONIN,СБ,0,0,0,0,0,0,9,41,15,33,25,24,28,21,20,24,53,31,27,41,54,30,13
SMONN0-000280,"151546 Сироп ""Ананас"" «Монин» стекло 1л",Сироп,MONIN,СБ,0,0,0,0,0,0,22,28,43,33,25,19,12,20,28,38,37,47,22,22,20,8,13
SMONN0-000282,147902 Сироп «Апельсин» «Монин» стекло1л,Сироп,MONIN,СБ,0,0,0,0,0,0,29,90,106,12,7,24,7,11,73,54,21,274,25,33,27,17,33
SMONN0-000283,"147894 Сироп ""Шоколад"" «Монин» стекло 1л",Сироп,MONIN,СБ,0,0,0,0,0,0,33,87,46,35,46,55,17,51,68,41,49,60,31,97,44,58,35
SMONN0-000284,"151541 Сироп ""Вишня"" «Монин» стекло 1л",Сироп,MONIN,СБ,0,0,0,0,0,0,25,36,37,31,18,50,43,45,32,44,13,178,33,22,48,46,30
SMONN0-000285,"151535 Сироп ""Черная смородина"" «Монин» стекло 1л",Сироп,MONIN,СБ,0,0,0,0,0,0,31,44,22,34,39,33,36,43,49,49,63,48,47,26,62,75,30
SMONN0-000288,"147901 Сироп ”Мохито” «Монин», стекло, 1л",Сироп,MONIN,СБ,0,0,0,0,0,0,19,63,40,18,60,29,29,55,154,57,85,295,237,125,106,100,47
SMONN0-000289,"151558 Сироп ""Бабл Гам"" «Монин», стекло, 1л",Сироп,MONIN,СБ,0,0,0,0,0,0,34,66,21,12,13,20,3,31,18,47,22,44,24,25,22,101,16
SMONN0-000290,"151594 Сироп ""Попкорн"" «Монин», стекло, 1л .",Сироп,MONIN,СБ,0,0,0,0,0,0,9,47,12,15,28,40,21,40,21,29,52,40,42,22,35,21,17
SMONN0-000292,"153884 Сироп ""Малина"" «Монин»стекло 1л .",Сироп,MONIN,СБ,0,0,0,0,0,0,67,211,120,110,116,163,135,117,118,168,133,409,234,179,131,322,178
SMONN0-000294,"147900 Сироп ”Манго” «Монин», стекло, 1л",Сироп,MONIN,СБ,0,0,0,0,0,0,44,316,144,111,40,50,47,48,76,97,77,303,124,75,109,45,74
SMONN0-000295,"151510 Сироп ”Лимон” «Монин», стекло, 1л",Сироп,MONIN,СБ,0,0,0,0,0,0,17,33,31,19,19,20,10,13,66,25,17,71,73,37,54,0,25
SMONN0-000300,"151504 Сироп ""Мандарин"" «Монин» стекло 1л",Сироп,MONIN,СБ,0,0,0,0,0,0,41,31,42,25,31,60,52,45,55,57,22,44,40,12,22,17,22
SMONN0-000302,"151601 Сироп ""Ежевика"" «Монин» стекло 1л",Сироп,MONIN,СБ,0,0,0,0,0,0,13,60,9,7,16,16,12,18,29,38,86,58,74,29,41,9,34
SMONN0-000305,"150180 Сироп ”Тархун” «Монин», стекло, 1л",Сироп,MONIN,СБ,0,0,0,0,0,0,44,68,8,27,12,44,6,21,19,47,59,213,127,79,42,18,29
SMONN0-000306,"151596 Сироп ""Дыня"" «Монин» стекло 1л",Сироп,MONIN,СБ,0,0,0,0,0,0,10,49,26,49,15,13,5,15,4,18,63,86,191,121,14,34,18
SMONN0-000307,"151544 Сироп ""Амаретто"" «Монин» стекло 1л",Сироп,MONIN,СБ,0,0,0,0,0,0,12,49,45,45,32,41,29,36,34,21,45,46,27,23,36,17,16
SMONN0-000310,"151597 Сироп ""Личи"" «Монин» стекло 1л",Сироп,MONIN,СБ,0,0,0,0,0,0,35,73,19,29,36,40,21,65,119,52,54,66,104,186,155,88,65
SMONN0-000312,"151598 Сироп ”Кленовый” «Монин», стекло, 1л",Сироп,MONIN,СБ,0,0,0,0,0,0,15,27,10,24,34,24,22,40,39,22,34,22,25,27,59,20,15
SMONN0-000319,"151532 Сироп ""Клюква "" «Монин» стекло 1л",Сироп,MONIN,СБ,0,0,0,0,0,0,6,36,13,4,7,22,6,7,14,11,10,13,13,40,213,11,127
SMONN0-000322,151538 Сироп Ирландский кофе «Монин» стекло 1л,Сироп,MONIN,СБ,0,0,0,0,0,0,7,13,27,19,28,18,23,11,9,11,38,26,23,18,22,5,6
SMONN0-000325,151568 Сироп Пряное печенье Спекулос «Монин» стекло 1л,Сироп,MONIN,СБ,0,0,0,0,0,0,2,19,14,104,210,21,3,1,2,38,12,0,8,25,0,1,14
SMONN0-000327,"151548 Концентрат «Ранчо Лимон» «Монин», стекло, 1л",Сироп,MONIN,СБ,0,0,0,0,0,0,1,0,1,11,18,10,13,25,25,32,21,213,136,51,78,31,2
SMONN0-000328,151566 Сироп Карибский ром «Монин» стекло 1л					,Сироп,MONIN,СБ,0,0,0,0,0,0,2,4,2,1,5,5,3,4,5,4,0,5,0,6,100,60,1
SMONN0-000329,"151514 Сироп «Каштан» «Монин»,стекло,1л",Сироп,MONIN,СБ,0,0,0,0,0,0,6,15,10,4,14,10,9,10,4,13,13,5,2,2,5,13,1
SMONN0-000330,151567 Сироп «Крем-брюле» «Монин» стекло1л,Сироп,MONIN,СБ,0,0,0,0,0,0,6,2,9,7,25,27,22,31,13,11,49,54,34,25,22,25,22
SMONN0-000331,151564 Сироп «Матча» «Монин» стекло 1л,Сироп,MONIN,СБ,0,0,0,0,0,0,0,1,0,1,4,0,2,7,3,41,8,48,35,14,11,3,-4
SMONN0-000332,"151513 Сироп «Пралине» «Монин» стекло,1л",Сироп,MONIN,СБ,0,0,0,0,0,0,14,14,4,1,16,6,4,3,1,7,0,1,0,5,1,7,3
SMONN0-000333,"151562 Сироп ”Базилик” «Монин», стекло, 1 л",Сироп,MONIN,СБ,0,0,0,0,0,0,48,38,40,8,27,24,11,35,17,65,64,155,61,56,48,35,20
SMONN0-000334,"150839 Основа фруктовая для напитков   «Банан»,«Монин»,пластик,1л",Сироп,MONIN,ПЭТ,0,0,0,0,0,0,0,7,6,0,1,0,0,2,2,2,2,2,1,2,1,8,0
SMONN0-000335,"150840 Основа ягодная для напитков «Черника»,«Монин»,пластик,1л",Сироп,MONIN,ПЭТ,0,0,0,0,0,0,0,2,4,5,10,18,2,7,6,6,40,61,53,40,0,0,0
SMONN0-000336,"150847 Основа фруктовая для напитков   «Манго»,«Монин»,пластик,1л",Сироп,MONIN,ПЭТ,0,0,0,0,0,0,0,12,15,5,24,37,18,56,74,111,247,211,134,105,111,12,48
SMONN0-000337,"150853 Основа ягодная для напитков «Кр.ягоды»,«Монин»,пластик,1л",Сироп,MONIN,ПЭТ,0,0,0,0,0,0,0,8,5,9,3,7,4,26,22,52,26,3,20,0,0,0,0
SMONN0-000338,"150854 Основа овощная для напитков «Ревень»,«Монин»,пластик,1л",Сироп,MONIN,ПЭТ,0,0,0,0,0,0,0,1,0,0,1,0,0,2,4,3,2,0,3,5,0,0,0
SMONN0-000339,"151502 Основа фруктовая для напитков   «Грейпфрут»,«Монин»,пластик,1л",Сироп,MONIN,ПЭТ,0,0,0,0,0,0,0,2,7,19,6,4,7,6,15,8,30,0,0,0,0,0,0
SMONN0-000340,"150850 Основа фруктовая для напитков   «Груша»,«Монин»,пластик,1л",Сироп,MONIN,ПЭТ,0,0,0,0,0,0,0,7,16,3,4,0,0,10,21,19,17,29,15,8,4,1,7
SMONN0-000341,"155812 Основа ягодная для напитков «Малина»,«Монин»,пластик,1л",Сироп,MONIN,ПЭТ,0,0,0,0,0,0,0,0,1,2,6,8,8,14,20,41,138,61,13,9,398,90,423
SMONN0-000342,"150857 Основа фруктовая для напитков «Юзу», «Монин», пластик, 1л",Сироп,MONIN,ПЭТ,0,0,0,0,0,0,0,0,0,1,11,5,10,12,325,647,830,328,339,212,230,98,199
SMONN0-000343,"151501 Основа фруктовая для напитков «Мандарин», «Монин», пластик, 1л",Сироп,MONIN,ПЭТ,0,0,0,0,0,0,0,0,0,1,3,2,1,4,8,1,5,24,15,0,3,2,743
SMONN0-000344,"150856 Основа ягодная для напитков «Клубника», «Монин», пластик, 1л",Сироп,MONIN,ПЭТ,0,0,0,0,0,0,0,0,2,2,8,7,0,7,19,82,93,113,122,62,50,25,17
SMONN0-000345,"150851 Основа фруктовая для напитков «Ананас», «Монин», пластик, 1л",Сироп,MONIN,ПЭТ,0,0,0,0,0,0,0,0,0,250,121,1,1,6,109,139,167,118,9,72,66,4,0
SMONN0-000346,"150849 Основа фруктовая для напитков «Персик», «Монин», пластик, 1л",Сироп,MONIN,ПЭТ,0,0,0,0,0,0,0,0,0,2,5,1,2,4,2,9,62,147,34,30,21,5,5
SMONN0-000347,"150844 Основа ягодная для напитков «Киви», «Монин», пластик, 1л",Сироп,MONIN,ПЭТ,0,0,0,0,0,0,0,0,0,0,3,2,3,11,14,15,36,39,30,24,36,11,-1
SMONN0-000348,"150843 Основа фруктовая для напитков «Яблоко», «Монин», пластик, 1л",Сироп,MONIN,ПЭТ,0,0,0,0,0,0,0,0,0,0,1,0,0,0,1,1,6,13,5,8,234,528,24
SMONN0-000349,"150848 Основа фруктовая для напитков   «Маракуйя»,«Монин»,пластик,1л",Сироп,MONIN,ПЭТ,0,0,0,0,0,0,0,0,6,20,27,37,36,55,68,69,108,184,92,81,60,33,66
SMONN0-000350,151553 Сироп «Корица» «Монин» стекло 1л,Сироп,MONIN,СБ,0,0,0,0,0,0,0,0,0,17,34,20,18,5,15,5,12,14,2,3,15,23,14
SMONN0-000351,151524 Сироп «Мёд» «Монин» стекло 1л,Сироп,MONIN,СБ,0,0,0,0,0,0,0,0,0,23,16,18,12,4,6,8,2,13,3,7,8,25,34
SMONN0-000352,"150855 Основа фруктовая для напитков «Облепиха», «Монин», пластик, 1л",Сироп,MONIN,ПЭТ,0,0,0,0,0,0,0,0,0,1,5,17,6,22,28,11,22,18,7,2,6,16,37
SMONN0-000354,"151569 Сироп «Бергамот» «Монин», стекло, 1л",Сироп,MONIN,СБ,0,0,0,0,0,0,0,0,0,0,12,10,5,17,7,78,48,47,11,34,30,26,2
SMONN0-000355,"151542 Сироп «Ореховая карамель» «Монин», стекло, 1л",Сироп,MONIN,СБ,0,0,0,0,0,0,0,0,0,0,9,2,8,25,11,11,9,13,5,9,9,16,13
SMONN0-000356,"151555 Сироп «Ириска Баттерскотч» «Монин», стекло, 1л",Сироп,MONIN,СБ,0,0,0,0,0,0,0,0,0,0,0,2,2,4,1,3,0,5,1,5,4,0,2
SMONN0-000357,"151522 Сироп «Морелло» «Монин», стекло, 1л",Сироп,MONIN,СБ,0,0,0,0,0,0,0,0,0,0,0,0,2,0,0,1,4,2,0,1,0,2,0
SMONN0-000358,"151595 Сироп «Черника» «Монин», стекло, 1л",Сироп,MONIN,СБ,0,0,0,0,0,0,0,0,0,1,2,7,4,5,7,4,18,25,13,0,0,0,0
SMONN0-000359,"151526 Сироп Слива Мирабель ( Алыча ) «Монин», стекло, 1л",Сироп,MONIN,СБ,0,0,0,0,0,0,0,0,0,0,10,11,15,11,7,45,34,152,20,8,17,23,457
SMONN0-000360,"151550 Сироп «Тирамису» «Монин», стекло, 1л",Сироп,MONIN,СБ,0,0,0,0,0,0,0,0,0,0,0,2,6,6,1,5,10,7,6,5,9,8,9
SMONN0-000361,"151600 Сироп «Пряные ягоды» «Монин», стекло, 1л",Сироп,MONIN,СБ,0,0,0,0,0,0,0,0,0,2,105,117,43,43,57,42,18,67,30,51,445,316,55
SMONN0-000362,"151527 Сироп «Пряный Манго» «Монин», стекло, 1л",Сироп,MONIN,СБ,0,0,0,0,0,0,0,0,0,0,0,0,0,0,0,7,6,14,27,3,13,3,2
SMONN0-000364,"151591 Сироп «Огурец» «Монин»,стекло,1л",Сироп,MONIN,СБ,0,0,0,0,0,0,0,0,0,0,0,0,0,0,0,15,12,13,15,12,7,5,6
SSWSH0-000009,"Сироп SweetShot ""Солёная Карамель"", 1 л, стеклянная бутылка",Сироп,SweetShot,СБ,29,49,82,45,19,48,23,38,18,29,25,15,27,15,20,25,28,8,26,47,30,28,31
SSWSH0-000010,"Сироп SweetShot ""Шоколад"", 1 л, стеклянная бутылка",Сироп,SweetShot,СБ,16,36,29,44,15,7,15,11,9,10,15,7,3,24,5,10,17,3,9,16,5,10,21
SSWSH0-000011,"Сироп SweetShot "" Лесной Орех"", 1 л, стеклянная бутылка",Сироп,SweetShot,СБ,35,40,47,38,34,25,27,7,14,24,14,15,8,18,10,21,24,14,13,22,14,28,23
SSWSH0-000013,"Сироп SweetShot ""Острый Имбирь"", 1 л, стеклянная бутылка",Сироп,SweetShot,СБ,2,11,11,6,16,6,0,1,0,6,6,1,3,0,2,-1,4,1,1,1,0,5,1
SSWSH0-000014,"Сироп SweetShot ""Маракуйя"", 1 л стеклянная бутылка",Сироп,SweetShot,СБ,40,65,57,101,78,147,66,24,47,31,69,34,23,47,43,67,74,86,52,77,82,51,55
SSWSH0-000015,"Сироп SweetShot ""Кокос"", 1 л стеклянная бутылка",Сироп,SweetShot,СБ,39,52,66,61,54,91,39,49,34,29,41,50,32,46,36,45,26,14,23,45,21,26,39
SSWSH0-000016,"Сироп SweetShot ""Миндаль"", 1 л стеклянная бутылка",Сироп,SweetShot,СБ,31,46,60,51,42,26,8,10,11,15,17,12,7,6,5,3,13,9,14,7,7,13,8
SSWSH0-000017,"Сироп SweetShot ""Гренадин"", 1 л стеклянная бутылка",Сироп,SweetShot,СБ,24,31,25,36,31,38,51,50,35,39,55,76,22,18,56,28,35,45,39,39,55,30,51
SSWSH0-000018,"Сироп SweetShot ""Жёлтый Банан"", 1 л, стеклянная бутылка",Сироп,SweetShot,СБ,23,11,18,36,31,11,20,16,20,9,0,4,4,6,4,8,14,3,9,14,13,6,5
SSWSH0-000019,"Сироп SweetShot ""Ваниль"", 1 л стеклянная бутылка",Сироп,SweetShot,СБ,81,109,124,146,123,157,76,77,49,49,53,62,27,50,41,63,68,30,74,69,39,53,45
SSWSH0-000020,"Сироп SweetShot ""Карамель"", 1 л стеклянная бутылка",Сироп,SweetShot,СБ,68,77,117,105,97,128,62,9,35,58,37,40,22,43,39,47,60,31,66,69,40,57,51
SSWSH0-000021,"Сироп SweetShot ""Клубника"", 1 л стеклянная бутылка",Сироп,SweetShot,СБ,27,66,69,113,66,134,80,21,56,67,48,64,29,79,59,66,48,71,37,79,44,43,38
SSWSH0-000022,"Сироп SweetShot ""Амаретто "", 1 л стеклянная бутылка",Сироп,SweetShot,СБ,10,12,17,16,2,4,9,3,2,0,0,1,1,4,0,5,0,0,1,2,2,3,2
SSWSH0-000023,"Сироп SweetShot "" Бабл Гам"", 1 л стеклянная бутылка",Сироп,SweetShot,СБ,8,13,19,13,10,18,5,11,3,6,6,1,2,4,1,8,13,13,6,7,9,34,13
SSWSH0-000024,"Сироп SweetShot "" Блю Курасао"", 1 л стеклянная бутылка",Сироп,SweetShot,СБ,3,5,7,5,5,3,4,5,3,5,14,11,3,9,6,17,15,20,12,10,17,19,33
SSWSH0-000025,"Сироп SweetShot "" Вишня"", 1 л стеклянная бутылка",Сироп,SweetShot,СБ,7,19,17,19,18,13,18,7,18,7,12,7,1,10,20,6,9,18,3,12,5,12,4
SSWSH0-000026,"Сироп SweetShot "" Груша"", 1 л стеклянная бутылка",Сироп,SweetShot,СБ,11,19,12,21,15,27,29,66,51,14,10,10,8,11,28,15,20,10,3,6,2,4,5
SSWSH0-000027,"Сироп SweetShot "" Зеленая мята"", 1 л стеклянная бутылка",Сироп,SweetShot,СБ,13,15,8,18,14,11,10,4,12,10,6,10,7,5,10,13,9,9,11,7,10,13,18
SSWSH0-000028,"Сироп SweetShot "" Имбирный пряник"", 1 л стеклянная бутылка",Сироп,SweetShot,СБ,11,17,14,6,13,6,4,7,3,14,3,5,3,6,1,8,2,1,0,6,11,6,10
SSWSH0-000029,"Сироп SweetShot ""Лаванда"", 1 л стеклянная бутылка",Сироп,SweetShot,СБ,11,17,38,28,24,11,24,12,5,6,4,5,4,2,8,10,5,6,10,19,14,8,3
SSWSH0-000030,"Сироп SweetShot "" Личи "" 1 л стеклянная бутылка",Сироп,SweetShot,СБ,4,16,9,8,10,15,24,22,25,8,20,30,9,12,19,16,13,16,0,17,15,16,22
SSWSH0-000031,"Сироп SweetShot "" Манго "" 1 л стеклянная бутылка",Сироп,SweetShot,СБ,14,18,16,9,13,51,19,5,6,10,15,1,10,12,4,10,21,9,7,12,3,2,8
SSWSH0-000032,"Сироп SweetShot "" Мохито "" 1 л стеклянная бутылка",Сироп,SweetShot,СБ,8,16,29,18,26,18,3,22,14,21,9,10,10,21,8,26,2,14,13,7,12,3,8
SSWSH0-000033,"Сироп SweetShot ""Малина"", 1 л, стеклянная бутылка",Сироп,SweetShot,СБ,27,51,36,64,49,71,61,68,51,35,37,44,10,33,47,43,25,16,38,40,35,28,24
SSWSH0-000034,"Сироп SweetShot ""Кленовый"", 1 л, стеклянная бутылка",Сироп,SweetShot,СБ,0,0,0,3,2,9,10,6,8,7,2,1,4,5,0,8,5,1,1,6,5,12,7
SSWSH0-000035,"Сироп SweetShot ""Фисташка"", 1 л, стеклянная бутылка",Сироп,SweetShot,СБ,0,0,0,4,3,6,5,2,1,1,4,2,3,6,2,4,3,2,7,7,6,7,2
SSWSH0-000036,"Сироп SweetShot ""Пина Колада"", 1 л, стеклянная бутылка",Сироп,SweetShot,СБ,0,0,0,1,2,0,1,0,0,0,0,0,0,2,0,0,0,0,0,0,1,1,0
SSWSH0-000037,"Сироп SweetShot ""Горький Апельсин"", 1 л, стеклянная бутылка",Сироп,SweetShot,СБ,0,0,0,4,4,6,1,1,0,0,0,1,3,0,0,0,0,1,4,0,3,3,2
SSWSH0-000038,"Сироп SweetShot ""Дыня"", 1 л, стеклянная бутылка",Сироп,SweetShot,СБ,0,0,0,5,3,2,0,0,0,0,0,0,1,0,0,0,0,2,2,4,0,1,1
SSWSH0-000039,"Сироп SweetShot ""Тархун"", 1 л, стеклянная бутылка",Сироп,SweetShot,СБ,0,0,0,9,12,13,9,14,19,10,10,5,2,14,2,11,5,16,7,9,2,4,4
SSWSH0-000041,"Сироп SweetShot ""Зеленое яблоко"", 1 л, стеклянная бутылка",Сироп,SweetShot,СБ,0,0,0,5,12,20,11,19,20,9,16,20,19,2,21,4,24,17,17,27,17,17,26
SSWSH0-000042,"Сироп SweetShot "" Лимон "", 1 л, стеклянная бутылка",Сироп,SweetShot,СБ,0,0,0,0,0,0,0,0,0,0,0,0,3,0,0,0,0,0,1,0,4,9,1
SSWSH0-000043,"Сироп SweetShot "" Персик "", 1 л, стеклянная бутылка",Сироп,SweetShot,СБ,0,0,0,0,0,0,0,0,0,0,0,0,0,0,0,0,0,0,1,2,4,3,0
TALTHA-AP0009,"Фильтр-пакеты бумажные Niktea, 100шт/уп (коробка)",Аксессуары,NIKTEA,Одноразовые,276,482,858,908,770,488,437,426,650,463,190,178,172,84,21,7,116,1691,590,766,2044,2136,1970
TALTHA-AP0010,"Одноразовые фильтры Althaus, 100шт/уп (Россия)",Аксессуары,Аксессуары,Одноразовые,497,931,533,49,676,854,527,1387,788,1321,1877,2114,536,1424,90,3,3,3,10,0,0,0,0
TALTHA-BP0026,"ЧН003 NEW Грин Фьюжн, 25х1,75г (ДП)",Чай,NIKTEA,ДелиПак,799,849,1154,1125,1332,1364,676,1651,1522,1690,1629,2964,813,1054,1556,1245,1031,843,1545,1518,1320,1494,1217
TALTHA-BP0027,"ЧН004 NEW Жасмин Ориентал, 25х1,75г (ДП)",Чай,NIKTEA,ДелиПак,290,512,335,576,242,349,313,473,788,803,766,441,292,379,454,89,155,227,436,271,460,210,451
TALTHA-BP0028,"ЧН005 NEW Краснополянский Сбор, 25х1,5г (ДП)",Чай,NIKTEA,ДелиПак,466,291,187,401,311,525,172,479,370,740,625,374,370,629,329,531,822,264,662,549,758,1031,849
TALTHA-BP0029,"ЧН008 NEW Молочный Улун, 25х1,75г (ДП)",Чай,NIKTEA,ДелиПак,431,695,843,757,9,62,87,766,782,1121,1347,964,608,511,592,537,783,400,541,347,599,633,624
TALTHA-BP0030,"ЧН003-500 NEW Грин Фьюжн, 500х1,75г (ДП)",Чай,NIKTEA,ДелиПак,53,133,136,127,82,93,63,84,97,202,119,144,136,91,140,118,133,175,152,126,96,164,109
TALTHA-BP0031,"ЧН005-500 NEW Краснополянский Сбор, 500х1,5г (ДП)",Чай,NIKTEA,ДелиПак,7,31,16,61,7,30,17,21,23,52,8,54,64,23,97,44,20,48,53,46,33,41,73
TALTHA-BP0034,"ЧН006 NEW Клубничный Десерт, 25х2г (ДП)",Чай,NIKTEA,ДелиПак,453,525,464,625,631,178,0,257,573,624,587,652,285,627,570,459,410,338,603,290,445,494,297
TALTHA-BP0082,"ЧН009 Английский Завтрак, 25х1,75г (ДП)",Чай,NIKTEA,ДелиПак,2572,3473,2201,3516,2865,4575,2099,3337,4889,4163,3507,5300,3155,1643,3724,2618,3209,2394,3232,3258,3371,3635,3886
TALTHA-BP0083,"ЧН008-500 NEW Молочный Улун, 500х1,75г (ДП)",Чай,NIKTEA,ДелиПак,0,0,0,0,0,0,0,0,0,0,4,40,49,4,1,21,16,20,11,37,21,36,23
TALTHA-DP0053,"NR01 NEW Кения Сапфир, 25х2г (ДП)",Чай,NIKTEA,ДелиПак,2424,3045,4240,3462,2798,2095,2505,3040,4551,5476,5050,5936,3128,4209,4245,3823,3222,1706,2291,3021,3120,5560,4606
TALTHA-DP0054,"NR02 NEW Эрл Грей Ультрамарин, 25х2 г (ДП)",Чай,NIKTEA,ДелиПак,1489,1119,1148,1042,1976,1971,1850,2032,2198,1291,1638,1842,1499,1536,1598,1539,1185,1041,1042,1229,1683,2018,1979
TALTHA-DP0055,"NR10 NEW Горный Чабрец, 25х2г (ДП)",Чай,NIKTEA,ДелиПак,970,722,746,1036,453,1038,809,1007,1263,1190,1072,1250,810,436,756,803,855,423,968,837,906,839,877
TALTHA-DP0056,"NR03 NEW Ориентал Блум, 25х2г (ДП)",Чай,NIKTEA,ДелиПак,1467,2327,2259,1622,1755,1682,2045,2135,2524,2563,2217,2913,1668,2158,2301,2179,1698,1360,1485,1796,1605,2890,2288
TALTHA-DP0057,"NR06 NEW Фрут Маджента, 25х2г (ДП)",Чай,NIKTEA,ДелиПак,1082,549,795,660,900,315,1201,975,802,959,380,634,230,468,258,322,215,244,310,222,174,323,289
TALTHA-DP0058,"NR07 NEW Ройбуш Оранж, 25х2г (ДП)",Чай,NIKTEA,ДелиПак,499,435,508,590,772,852,757,788,945,874,608,615,256,501,299,304,212,236,340,367,209,667,383
TALTHA-DP0059,"NR04 NEW Молочный Улун, 25х2г (ДП)",Чай,NIKTEA,ДелиПак,609,25,159,464,1088,988,746,194,992,327,261,320,533,284,352,163,168,176,414,278,456,392,601
TALTHA-DP0060,"NR09 NEW Жасмин Эмеральд, 25х2г (ДП)",Чай,NIKTEA,ДелиПак,521,351,215,517,407,528,658,540,425,164,145,282,249,261,253,473,416,322,288,28,438,283,210
TALTHA-DP0061,"NR05 NEW Красная Поляна, 25х1,75г (ДП)",Чай,NIKTEA,ДелиПак,444,722,863,611,654,881,531,402,1247,453,476,648,748,500,386,282,164,432,393,186,479,323,752
TALTHA-DP0062,"NR08 NEW Ассорти Брайт, 25 п., 48,75г (ДП)",Чай,NIKTEA,ДелиПак,51,52,31,128,84,73,54,62,150,71,134,19,59,35,58,50,21,24,77,101,51,206,64
TALTHA-DP0081,"ЧН009-500 Английский Завтрак, 500х1,75г (ДП)",Чай,NIKTEA,ДелиПак,108,152,240,253,250,250,160,274,193,411,383,555,269,390,230,390,375,382,344,351,431,385,372
TALTHA-DP0082,"NR11 NEW Английский завтрак, 25х2г (ДП)",Чай,NIKTEA,ДелиПак,1342,1324,1704,1975,1203,1014,1636,1345,1515,216,299,214,498,1741,1887,855,238,590,395,331,623,544,820
TALTHA-DP0084,"ЧН002 NEW Граф Грей, 25х1,75г (ДП)",Чай,NIKTEA,ДелиПак,811,1612,1342,1353,1120,535,430,1220,1414,1432,1209,1877,1202,1177,881,1291,1421,623,1031,731,1029,1247,1424
TALTHA-DP0085,"ЧН002-500 NEW Граф Грей, 500х1,75г (ДП)",Чай,NIKTEA,ДелиПак,10,26,58,25,10,19,35,11,24,79,118,74,75,48,79,46,81,28,63,97,31,79,44
TALTHA-DP0086,"NR06-500 NEW Фрут Маджента, 500х2г",Чай,NIKTEA,ДелиПак,17,32,3,31,28,61,7,16,20,30,62,78,12,53,62,66,28,84,32,63,26,50,52
TALTHA-DP0087,"NR07-500 NEW Ройбуш Оранж, 500х2г",Чай,NIKTEA,ДелиПак,0,0,0,0,2,5,3,1,6,4,32,49,44,3,23,21,12,20,13,27,21,23,26
TALTHA-DP0099,"ЧН004-500 NEW Жасмин Ориентал,500х1,75г (ДП)",Чай,NIKTEA,ДелиПак,0,0,0,0,0,0,0,0,0,0,29,41,40,2,7,24,26,16,14,28,14,34,10
TALTHA-DP0100,"NR13 Энерджи, 21х1,5г (ДП)",Чай,NIKTEA,ДелиПак,0,0,0,0,0,0,0,0,0,0,0,0,0,0,0,0,0,0,0,0,52,19,28
TALTHA-DP0101,"NR12 Релакс, 21х1,3г (ДП)",Чай,NIKTEA,ДелиПак,0,0,0,0,0,0,0,0,0,0,0,0,0,0,0,0,0,0,0,0,44,51,28
TALTHA-GP0001,"NR21 Эрл Грей Особый, 20х4г (ГП)",Чай,NIKTEA,ГрандПак,120,35,100,88,143,126,5,108,212,50,161,302,197,101,47,75,144,79,166,20,199,178,85
TALTHA-GP0002,"NR24 Молочный Улун, 20х4г (ГП)",Чай,NIKTEA,ГрандПак,15,12,26,14,10,12,1,18,19,37,20,66,19,45,62,14,33,7,25,7,14,59,47
TALTHA-GP0003,"NR25 Ягодный Коктейль, 20х4г (ГП)",Чай,NIKTEA,ГрандПак,17,9,22,17,14,7,5,8,12,20,9,45,14,19,27,10,31,8,26,13,28,53,41
TALTHA-GP0004,"NR23 Серебряный Жасмин, 20х4г (ГП)",Чай,NIKTEA,ГрандПак,20,16,28,12,31,2,12,11,17,21,19,67,21,32,15,75,49,156,5,19,12,41,26
TALTHA-GP0005,"NR20 Королевский Завтрак, 20х4г (ГП)",Чай,NIKTEA,ГрандПак,128,196,91,282,160,319,39,461,226,303,211,531,167,311,362,280,155,351,239,301,369,251,278
TALTHA-GP0006,"NR22 Сенча Классик, 20х4г (ГП)",Чай,NIKTEA,ГрандПак,95,45,107,72,140,94,6,246,60,122,145,250,126,57,38,221,95,220,209,7,205,57,156
TALTHA-L00019,"NR130 R18 Ассам Суприм Блэк, 100г (Л)",Чай,NIKTEA_R18,Листовой,0,10,0,2,0,0,0,0,0,0,0,0,0,0,0,0,0,0,0,0,0,0,0
TALTHA-L00028,"NR27 Горный Чабрец, 20х4г (ГП)",Чай,NIKTEA,ГрандПак,20,14,11,27,7,37,0,12,27,37,26,68,36,17,32,17,51,20,12,6,45,47,34
TALTHB-DP0028,"ЧАD001 Английский Завтрак, 20х1,75г (ДП)",Чай,ALTHAUS,ДелиПак,362,503,477,336,554,538,343,409,366,830,725,1094,739,142,572,644,281,352,295,362,280,180,645
TALTHB-DP0029,"ЧАD002 Молти Ассам, 20х1,75г (ДП)",Чай,ALTHAUS,ДелиПак,718,762,597,746,875,645,478,662,634,608,630,987,561,984,619,499,571,354,306,726,705,595,588
TALTHB-DP0030,"ЧАD003 Высокогорья Дарджилинга, 20х1,75г (ДП)",Чай,ALTHAUS,ДелиПак,133,165,115,163,142,115,111,93,126,254,324,278,112,208,143,76,127,79,113,100,106,116,158
TALTHB-DP0031,"ЧАD004 Эрл Грей Классик, 20х1,75г (ДП)",Чай,ALTHAUS,ДелиПак,343,321,657,1374,1901,801,448,494,352,841,614,901,414,553,595,485,229,355,255,313,448,456,715
TALTHB-DP0032,"ЧАD005 Китайский Жу Ча, 20х1,75г (ДП)",Чай,ALTHAUS,ДелиПак,44,47,25,88,62,85,167,52,22,103,92,248,51,159,199,205,67,44,17,42,48,44,28
TALTHB-DP0033,"ЧАD006 Изысканная Сенча, 20х1,75г (ДП)",Чай,ALTHAUS,ДелиПак,417,463,346,390,522,277,260,493,490,546,818,743,347,329,519,301,353,278,357,336,517,436,425
TALTHB-DP0034,"ЧАD007 Нежный Жасмин, 20х1,75г (ДП)",Чай,ALTHAUS,ДелиПак,200,208,288,782,557,202,302,220,239,325,540,749,149,207,320,208,268,147,167,191,307,295,216
TALTHB-DP0035,"ЧАD008 Грюн Матинэ, 20х1,75г (ДП)",Чай,ALTHAUS,ДелиПак,80,136,103,114,183,93,76,159,127,159,156,262,167,105,109,124,57,85,59,115,114,71,78
TALTHB-DP0036,"ЧАD009 Ромашковый Луг, 20х1,5г (ДП)",Чай,ALTHAUS,ДелиПак,132,133,213,215,197,187,258,191,196,333,299,510,199,138,398,155,159,132,116,192,210,153,150
TALTHB-DP0037,"ЧАD010 Чистая Мята, 20х1,75г (ДП)",Чай,ALTHAUS,ДелиПак,264,196,153,264,12,114,332,143,91,116,148,516,142,207,211,239,54,93,102,73,189,99,74
TALTHB-DP0038,"ЧАD011 Дикие Ягоды, 20х2,5г (ДП)",Чай,ALTHAUS,ДелиПак,163,129,161,138,162,134,264,92,272,435,168,390,162,332,332,360,123,153,118,34,156,115,2
TALTHB-DP0039,"ЧАD012 Ройбуш Ваниль, 20х1,75г (ДП)",Чай,ALTHAUS,ДелиПак,203,141,155,185,7,148,175,136,66,115,324,357,101,67,99,62,106,66,55,35,100,30,28
TALTHB-DP0040,"ЧАD013 Ароматные Травы, 20х1,75г (ДП)",Чай,ALTHAUS,ДелиПак,57,47,60,66,39,46,29,69,91,95,94,215,21,37,23,18,35,6,19,15,41,51,20
TALTHB-DP0041,"ЧАD014 Золотое Яблоко, 20х2,5г (ДП)",Чай,ALTHAUS,ДелиПак,112,140,115,140,51,71,133,96,108,115,287,232,199,132,129,132,115,116,73,53,157,104,4
TALTHB-DP0042,"ЧАD015 Фруктовое Искушение, 20х2,5г (ДП)",Чай,ALTHAUS,ДелиПак,0,0,0,0,0,41,16,9,14,20,44,41,88,44,19,51,30,7,22,7,42,68,45
TALTHB-DP0047,"ЧА017 Чай Althaus Tasting collection / Альтхаус Дегустационная коллекция Deli Pack, 15х1,88г (ДП)",Чай,ALTHAUS,ДелиПак,0,0,0,0,0,0,0,0,0,0,0,0,0,0,0,0,0,0,4,1,0,0,10
TALTHB-GP0049,"ЧА015 NEW Инглиш Брэкфаст Сент Эндрюс, 15*4 (ГП)",Чай,ALTHAUS,ГрандПак,285,330,415,286,237,435,196,200,172,330,290,419,467,422,516,385,212,157,145,178,205,322,447
TALTHB-GP0050,ЧА024 NEW Грюн Матинэ 15*4 (ГП),Чай,ALTHAUS,ГрандПак,22,15,26,37,16,6,18,12,15,22,36,32,16,13,26,14,11,3,16,8,14,22,23
TALTHB-GP0051,"ЧА016 NEW Ассам Молти Кап, 15*4 (ГП)",Чай,ALTHAUS,ГрандПак,617,571,703,635,543,450,526,636,661,829,815,1253,412,6,878,788,557,555,515,563,574,869,870
TALTHB-GP0052,"ЧА018 NEW Дарджилинг Летний Сбор, 15*4 (ГП)",Чай,ALTHAUS,ГрандПак,74,107,70,102,56,92,59,85,102,108,116,161,124,67,212,80,76,60,43,42,49,78,92
TALTHB-GP0053,"ЧА021 NEW Лун Бай Ча, 15*4 (ГП)",Чай,ALTHAUS,ГрандПак,6,16,12,5,13,7,6,6,7,10,7,3,13,4,40,0,4,3,25,11,0,4,2
TALTHB-GP0054,"ЧА023 NEW Жасминовый Тинг Юань, 15*4 (ГП)",Чай,ALTHAUS,ГрандПак,286,315,367,469,297,249,268,263,342,461,428,720,325,330,470,390,278,298,231,306,261,397,364
TALTHB-GP0055,"ЧА032 NEW Горные Травы, 15*4 (ГП)",Чай,ALTHAUS,ГрандПак,327,488,571,344,370,293,368,374,416,619,588,776,430,466,600,475,382,350,222,387,319,398,465
TALTHB-GP0056,"ЧА020 NEW Ройал Эрл Грэй, 15*4 (ГП)",Чай,ALTHAUS,ГрандПак,358,327,418,414,348,337,325,238,344,504,456,596,534,454,416,489,337,257,218,348,356,484,464
TALTHB-GP0057,"ЧА022 NEW Сенча Сенпай, 15*4 (ГП)",Чай,ALTHAUS,ГрандПак,228,315,338,331,250,358,263,319,299,350,371,582,278,330,335,386,302,292,204,275,284,390,325
TALTHB-GP0058,"ЧА033 NEW Молочный Улун, 15*4 (ГП)",Чай,ALTHAUS,ГрандПак,166,332,384,300,250,262,228,179,250,369,325,587,203,225,262,361,238,243,168,244,264,295,269
TALTHB-GP0060,"ЧА029 NEW Ред Фрут Флаш, 15*4 (ГП)",Чай,ALTHAUS,ГрандПак,30,61,109,85,48,56,82,47,23,96,131,99,67,33,22,29,62,66,82,54,71,109,20
TALTHB-GP0061,"ЧА030 NEW Благородная Ромашка, 15*3,3 (ГП)",Чай,ALTHAUS,ГрандПак,135,154,162,201,119,187,133,121,147,221,236,377,121,182,248,129,196,128,85,164,134,248,178
TALTHB-GP0062,"ЧА031 NEW Нежная Мята, 15*3 (ГП)",Чай,ALTHAUS,ГрандПак,36,50,6,70,62,48,32,9,0,63,80,126,63,62,84,47,57,45,38,31,44,67,13
TALTHB-GP0064,"ЧА036 NEW Ройбуш Ванильная Карамель, 15*4 (ГП)",Чай,ALTHAUS,ГрандПак,19,361,42,23,7,20,37,27,27,35,45,46,14,16,40,44,37,4,5,8,35,18,56
TALTHB-GP0065,"ЧА037 NEW Персидское Яблоко,  15*4 (ГП)",Чай,ALTHAUS,ГрандПак,0,5,0,8,10,30,7,8,27,21,16,44,21,7,33,37,7,17,0,0,0,0,0
TALTHB-GP0066,"ЧА038 NEW Классические Травы, 15*3,5 (ГП)",Чай,ALTHAUS,ГрандПак,3,0,2,2,5,15,13,13,12,13,29,20,7,8,24,44,10,0,5,1,1,0,0
TALTHF-L00045,"ЧА5000 Ред Фрут Флаш (Л), 250г",Чай,ALTHAUS,Листовой,29,35,26,29,46,52,30,22,26,45,43,53,17,43,39,36,31,27,12,7,25,25,24
TALTHF-L00046,"ЧА5005 Манила Манго (Л), 250г",Чай,ALTHAUS,Листовой,9,12,17,10,5,12,5,11,12,9,17,12,5,2,18,24,7,5,7,10,9,14,4
TALTHF-L00049,"ЧА5020 Дикая Вишня (Л), 250г",Чай,ALTHAUS,Листовой,3,16,16,11,20,11,12,3,17,18,7,19,7,30,24,19,28,13,23,20,12,26,16
TALTHF-L00050,"ЧА5025 Сицилийский Апельсин (Л), 250г",Чай,ALTHAUS,Листовой,3,6,6,8,2,0,3,0,7,7,5,12,16,8,7,6,8,4,8,12,10,14,2
TALTHF-L00052,"ЧА5035 Персише Апфель (Л), 250г",Чай,ALTHAUS,Листовой,3,1,1,4,6,2,5,0,1,10,8,15,3,5,11,11,6,2,3,1,0,3,4
TALTHF-L00055,"ЧА5050 Палм Бич (Л), 250г",Чай,ALTHAUS,Листовой,10,9,16,10,5,6,12,10,5,12,9,35,7,11,5,11,9,9,4,7,7,5,5
TALTHF-L00057,"ЧА6200 Ройбуш Клубника со Сливками (Л), 250г",Чай,ALTHAUS,Листовой,7,9,4,7,0,5,16,5,9,13,16,13,23,12,16,14,10,25,18,15,8,4,10
TALTHF-L00060,"ЧА6215 Ройбуш Сладкий Апельсин, 250г",Чай,ALTHAUS,Листовой,2,16,4,5,7,3,0,3,4,8,4,17,29,2,7,3,2,4,4,2,3,1,9
TALTHG-L00063,"ЧА6000 Велнес Кап (Л), 75г",Чай,ALTHAUS,Листовой,21,19,63,21,45,37,10,13,24,45,30,48,52,44,54,26,31,25,40,41,39,37,36
TALTHG-L00064,"ЧА6005 Женьшеневая Долина (Л), 200г",Чай,ALTHAUS,Листовой,13,6,7,8,8,10,5,2,4,24,24,21,19,11,23,16,17,8,19,11,13,29,38
TALTHG-L00065,"ЧА6010 Ромашковый Луг (Л), 75г",Чай,ALTHAUS,Листовой,112,149,101,249,69,150,104,85,6,268,167,189,148,149,182,182,143,152,142,126,141,273,85
TALTHG-L00066,"ЧА6015 Баварская Мята (Л), 75г.",Чай,ALTHAUS,Листовой,18,17,21,25,27,21,18,25,18,44,33,51,21,22,46,23,15,35,20,24,22,20,43
TALTHG-L00067,"ЧА6020 Французская Роза (Л), 125г.",Чай,ALTHAUS,Листовой,3,3,0,7,9,2,4,3,3,10,3,7,13,1,1,8,3,2,1,7,1,1,2
TALTHG-L00068,"ЧА6225 Лимонник (Л), 100г",Чай,ALTHAUS,Листовой,4,5,4,5,0,0,0,0,0,12,7,14,3,8,16,8,2,9,5,2,11,5,12
TALTHG-L00069,"ЧА6030 Японская Липа (Л), 75г.",Чай,ALTHAUS,Листовой,37,48,65,63,67,66,72,74,44,101,67,104,70,73,93,122,134,84,79,105,114,166,124
TALTHG-L00073,"ЧА5060 Мультифит (Л), 250г",Чай,ALTHAUS,Листовой,0,0,0,1,1,0,1,0,0,2,2,3,0,2,0,1,0,3,0,0,2,1,0
TALTHG-L00074,"ЧА5065 Альмонд Пай (Л), 200г",Чай,ALTHAUS,Листовой,0,8,6,3,5,4,7,3,3,11,1,9,17,2,13,12,0,11,4,14,8,11,8
TALTHG-L00075,"ЧА5070 Киви Колада (Л), 200г",Чай,ALTHAUS,Листовой,6,2,4,3,7,6,1,7,5,8,4,14,6,2,2,5,3,5,4,0,0,6,3
TALTHG-L00076,"ЧА6035 Джинжер Бриз (Л), 250г",Чай,ALTHAUS,Листовой,28,32,25,46,34,32,26,18,34,56,34,53,31,36,38,48,51,34,26,35,44,65,62
TALTHG-L00080,"ЧА5080 Коко Уайт (Л), 250г",Чай,ALTHAUS,Листовой,3,8,2,2,0,1,0,0,2,4,0,7,3,3,0,1,1,1,2,0,0,1,2
TALTHG-L00081,"ЧА2012 Эрл Грей Суприм (Л), 250г",Чай,ALTHAUS,Листовой,6,12,107,58,15,139,41,15,79,143,31,128,134,37,148,87,111,9,47,69,135,111,98
TALTHG-L00082,"ЧА6045 Лемон Минт (Л), 150г",Чай,ALTHAUS,Листовой,9,9,9,8,10,17,11,13,8,16,9,8,18,8,15,6,11,5,5,8,6,11,10
TALTHG-L00086,"ЧА6205 Ройбуш Ванильная Карамель (Л), 250г",Чай,ALTHAUS,Листовой,28,12,3,6,3,5,7,3,15,9,5,4,0,18,6,9,15,4,4,2,9,8,14
TALTHL-L00072,"ЧА1100 Ассам Меленг GFBOP (Л), 250г",Чай,ALTHAUS,Листовой,248,262,322,345,306,227,330,282,314,379,253,626,240,419,222,296,303,258,250,341,281,389,197
TALTHL-L00073,"ЧА1105 Голден Ассам Санкар (Л), 250г",Чай,ALTHAUS,Листовой,35,11,32,18,39,23,10,13,33,37,43,84,14,16,31,47,14,17,13,9,21,10,49
TALTHL-L00074,"ЧА1200 Даржилинг Путтабонг (Л), 250г",Чай,ALTHAUS,Листовой,9,14,8,13,16,6,19,3,9,14,22,26,4,1,23,15,17,16,4,19,13,9,4
TALTHL-L00076,"ЧА1300 Цейлон ОP1 Каннелия (Л), 250г",Чай,ALTHAUS,Листовой,14,7,4,22,9,13,8,6,5,23,10,22,12,6,26,5,21,7,14,11,22,22,20
TALTHL-L00077,"ЧА1305 Инглиш Брэкфаст Сент Эндрюс (Л), 250г",Чай,ALTHAUS,Листовой,59,79,80,81,115,95,74,77,124,93,128,105,138,68,154,186,71,98,59,39,57,42,86
TALTHL-L00079,"ЧА1400 Пу Эр Ан-Бао (Л), 250г",Чай,ALTHAUS,Листовой,6,3,16,18,20,11,14,6,12,11,14,17,6,5,11,14,8,5,5,8,11,9,30
TALTHL-L00089,"ЧА2005 Империал Эрл Грей (Л), 250г",Чай,ALTHAUS,Листовой,87,77,78,110,164,73,63,70,117,104,141,157,77,72,163,157,127,89,76,53,124,135,147
TALTHL-L00090,"ЧА2010 Блю Эрл Грей (Л), 250г",Чай,ALTHAUS,Листовой,28,19,22,33,22,22,27,9,16,16,18,76,9,23,25,12,25,6,9,15,3,15,6
TALTHL-L00094,"ЧА2030 Спайс Панч (Л), 250г",Чай,ALTHAUS,Листовой,3,2,6,3,0,0,6,4,2,0,4,6,3,0,1,5,4,2,0,0,3,8,2
TALTHL-L00098,"ЧА2050 Горные Травы (Л), 250г",Чай,ALTHAUS,Листовой,38,47,50,42,64,47,51,52,43,85,68,98,59,49,48,62,70,62,40,46,58,86,41
TALTHL-L00101,"ЧА3200 Грин Гималайан (Л), 250г",Чай,ALTHAUS,Листовой,4,3,4,5,5,7,6,2,4,3,2,10,2,2,1,6,1,2,4,0,2,0,1
TALTHL-L00104,"ЧА3410 Ройал Пай Му Тан (Л), 65г",Чай,ALTHAUS,Листовой,1,0,1,0,0,0,1,0,3,4,0,1,7,2,3,4,0,3,6,4,2,1,9
TALTHL-L00105,"ЧА3415 Ганпаудер Жу Ча (Л), 250г",Чай,ALTHAUS,Листовой,6,5,12,15,14,9,7,14,11,15,11,36,6,3,10,19,12,12,21,14,20,12,0
TALTHL-L00108,"ЧА3435 Молочный Улун (Л), 250г",Чай,ALTHAUS,Листовой,61,79,66,73,84,50,50,51,56,97,83,75,29,73,77,87,47,82,63,53,80,86,88
TALTHL-L00109,"ЧА3600 Сенча Сенпай (Л), 250г",Чай,ALTHAUS,Листовой,42,93,68,111,95,95,76,71,93,134,128,138,64,93,88,149,86,92,42,74,91,83,103
TALTHL-L00116,"ЧА4005 Жасмин Тинг Юань (Л), 250г",Чай,ALTHAUS,Листовой,43,67,63,106,54,59,44,51,70,99,75,106,45,46,121,117,137,68,83,143,90,98,87
TALTHL-L00120,"ЧА4025 Касабланка Минт (Л), 150г",Чай,ALTHAUS,Листовой,5,4,2,6,2,1,3,0,5,3,4,5,7,6,7,2,2,4,4,7,1,2,3
TALTHL-L00122,"ЧА4035 Грюн Матинэ (Л), 250г",Чай,ALTHAUS,Листовой,13,13,13,10,12,10,12,9,7,16,19,28,0,3,22,13,17,8,7,11,11,10,10
TALTHL-L00124,"ЧА4045 Женьшень Полет Драконa (Л), 200г",Чай,ALTHAUS,Листовой,13,12,6,14,23,10,6,13,4,8,10,18,9,22,27,13,21,14,8,7,5,8,15
TALTHL-L00125,"ЧА4050 Арабишер Шейх (Л), 200г",Чай,ALTHAUS,Листовой,0,2,2,2,1,0,0,1,0,3,2,1,0,0,0,0,0,6,0,0,0,0,0
TALTHL-L00146,"ЧА931 Грюн Матинэ, 15х2,75г (ПП)",Чай,ALTHAUS,ПираПак,33,42,59,37,62,58,71,78,49,108,85,36,72,69,140,79,64,119,35,50,71,61,83
TALTHL-L00147,"ЧА940 Лемон Минт, 15х2,75г (ПП)",Чай,ALTHAUS,ПираПак,13,24,51,26,53,20,43,27,48,39,29,42,44,39,32,38,23,27,26,44,47,50,43
TALTHL-L00151,"ЧА942 Благородная Ромашка, 15х2,25г (ПП)",Чай,ALTHAUS,ПираПак,65,66,107,55,38,17,36,86,71,47,59,133,62,44,60,46,62,108,17,68,98,9,34
TALTHL-L00153,"ЧА951 Персидское Яблоко, 15х2,75г (ПП)",Чай,ALTHAUS,ПираПак,35,12,36,29,24,10,12,19,11,43,27,39,17,34,34,37,8,11,10,18,20,9,51
TALTHL-L00154,"ЧА5090 Эсенс оф Фрут (Л), 250г",Чай,ALTHAUS,Листовой,0,0,3,2,6,0,0,1,0,5,2,13,12,1,0,2,0,2,0,0,0,1,0
TALTHL-L00155,"ЧА6050 Хербал Темптейшн (Л), 175г",Чай,ALTHAUS,Листовой,14,31,54,31,0,72,8,14,23,39,56,91,35,51,68,33,25,22,36,37,20,65,68
TALTHL-L00156,"ЧА4010 Жасмин Перлс Бай Инь (Л), 100г",Чай,ALTHAUS,Листовой,2,1,0,1,0,5,2,1,4,2,1,4,2,5,2,1,2,5,1,0,0,1,5
TALTHL-L00157,"ЧА1405 Супериор Улун Джин Хуанг (Л), 60г",Чай,ALTHAUS,Листовой,0,1,0,0,0,0,1,0,0,0,0,2,0,0,2,0,1,0,0,0,0,0,0
TALTHL-L00158,"ЧА3400 Супериор Белый (Л), 70г",Чай,ALTHAUS,Листовой,0,3,2,2,4,1,3,0,0,2,1,2,2,0,1,1,0,1,3,6,0,3,4
TALTHL-L00159,"ЧА3610 Гийокуро Танабе (Л), 100г",Чай,ALTHAUS,Листовой,0,0,0,1,0,0,0,0,0,6,0,0,0,0,16,0,0,5,0,0,0,0,0
TALTHL-L00160,"ЧА1415 Лапсанг Сушонг Хонг-Ча (Л), 100г",Чай,ALTHAUS,Листовой,7,3,12,2,5,5,2,6,9,4,1,27,10,1,5,10,17,2,1,4,7,12,25
TALTHL-L00161,"ЧА3425 Лунг Чинг (Л), 100г",Чай,ALTHAUS,Листовой,1,1,0,0,0,0,0,1,1,0,0,3,0,0,5,0,7,1,1,0,0,0,0
TALTHL-L00162,"ЧА3615 Генмайча Райсу (Л), 100г",Чай,ALTHAUS,Листовой,3,2,2,0,0,0,1,3,0,2,6,5,5,2,6,1,1,4,1,0,0,5,8
TALTHL-L00163,"ЧА2017 Голден Эрл Грей Карамель (Л), 200г",Чай,ALTHAUS,Листовой,7,2,4,7,3,4,2,2,5,2,9,11,10,5,52,0,14,2,3,6,5,4,1
TALTHL-L00190,"ЧА943 NEW Нежная Мята, 15х1,75г (ПП)",Чай,ALTHAUS,ПираПак,13,25,18,14,16,6,1,15,7,38,74,42,13,2,16,15,24,10,14,7,7,11,43
TALTHL-P00001,"ЧА900 Английский Завтрак Сэнт Эндрюс, 15x2,75г (ПП)",Чай,ALTHAUS,ПираПак,54,18,6,1,55,47,62,80,53,112,96,302,111,0,104,53,52,130,54,177,85,173,120
TALTHL-P00002,"ЧА902 Ассам Молти Кап, 15х2,75г (ПП)",Чай,ALTHAUS,ПираПак,278,310,880,581,957,708,760,904,530,262,1216,868,632,915,964,1087,943,871,1161,562,1060,919,565
TALTHL-P00003,"ЧА903 Дарджилинг Летний Сбор, 15х2,75г (ПП)",Чай,ALTHAUS,ПираПак,0,2,4,0,0,0,0,0,0,6,0,0,0,2,1,0,0,13,0,12,1,1,13
TALTHL-P00004,"ЧА910 Королевский Эрл Грей, 15х2,75г (ПП)",Чай,ALTHAUS,ПираПак,888,376,680,1332,607,317,1776,1197,732,408,1767,1161,782,1284,1078,366,1250,1314,1147,515,1507,1061,313
TALTHL-P00005,"ЧА920 Сенча Сенпай, 15х2,75г (ПП)",Чай,ALTHAUS,ПираПак,95,193,533,380,424,549,641,756,116,330,679,778,362,355,274,480,332,864,656,249,578,727,299
TALTHL-P00006,"ЧА926 Лун Бай Ча, 15х2,75г (ПП)",Чай,ALTHAUS,ПираПак,3,8,12,142,3,24,13,8,5,9,11,10,10,5,13,11,0,0,7,2,15,11,6
TALTHL-P00007,"ЧА930 Жасминовый Тин Юань, 15х2,75г (ПП)",Чай,ALTHAUS,ПираПак,99,110,164,137,135,108,119,110,126,145,158,246,65,101,124,114,148,82,86,127,188,136,171
TALTHL-P00008,"ЧА941 Ройбуш Ванильная Карамель, 15х2,75г (ПП)",Чай,ALTHAUS,ПираПак,37,24,32,35,9,18,14,27,46,32,22,55,46,32,49,24,19,35,17,30,39,46,50
TALTHL-P00009,"ЧА944 Классические Травы, 15х2,25г (ПП)",Чай,ALTHAUS,ПираПак,12,35,43,50,21,24,44,38,27,33,22,69,25,34,24,44,26,64,23,53,39,47,0
TALTHL-P00010,"ЧА950 Ред Фрут Флэш, 15х2,75г (ПП)",Чай,ALTHAUS,ПираПак,54,54,78,109,70,8,33,28,43,85,63,86,50,66,34,45,70,69,36,78,44,48,44
TALTHL-P00011,"ЧА952 Чай Althaus Tasting collection / Альтхаус Дегустационная коллекция, 16х2,61 г (ПП)",Чай,ALTHAUS,ПираПак,0,0,0,0,0,0,0,0,0,0,0,0,0,0,0,0,0,0,0,0,0,0,10
TALTHL-PR0001,"ЧА_PR0902 BIO Ассам Бенгал Нади, 15x2,5 г (ПП)",Чай,ALTHAUS,ПираПакBIO,0,0,0,0,0,0,0,0,0,0,0,0,0,0,14,16,16,12,0,4,12,13,546
TALTHL-PR0002,"ЧА_PR0903 BIO Дарджилинг Панна Деш, 15x2,5 г (ПП)",Чай,ALTHAUS,ПираПакBIO,0,0,0,0,0,0,0,0,0,0,0,0,0,0,16,16,16,10,5,3,6,26,52
TALTHL-PR0003,"ЧА_PR0910 BIO Эрл Грей Цветок Весны, 15х2,5г (ПП)",Чай,ALTHAUS,ПираПакBIO,0,0,0,0,0,0,0,0,0,0,0,0,0,0,195,477,13,0,0,10,15,1,953
TALTHL-PR0004,"ЧА_PR0911 BIO Масала Чай Пряный, 15х2,5г (ПП)",Чай,ALTHAUS,ПираПакBIO,0,0,0,0,0,0,0,0,0,0,0,0,0,0,18,7,15,2,2,5,14,3,28
TALTHL-PR0005,"ЧА_PR0920 BIO Сенча Саку Шима, 15х2г (ПП)",Чай,ALTHAUS,ПираПакBIO,0,0,0,0,0,0,0,0,0,0,0,0,0,0,22,311,11,0,0,12,6,1,236
TALTHL-PR0006,"ЧА_PR0927 BIO Зеленый Юнь Нань, 15х2г (ПП)",Чай,ALTHAUS,ПираПакBIO,0,0,0,0,0,0,0,0,0,0,0,0,0,0,16,10,6,12,5,13,18,6,31
TALTHL-PR0007,"ЧА_PR0932 BIO Манго Гуо Юань, 15х2г (ПП)",Чай,ALTHAUS,ПираПакBIO,0,0,0,0,0,0,0,0,0,0,0,0,0,0,21,15,11,3,0,5,12,1,17
TGTNBR-000017,"TS11 R18 Дянь Хун (Красный Чай с Земли Дянь), 250г (Л)",Чай,NIKTEA_TS,Листовой,7,2,12,5,17,0,6,10,5,7,4,7,0,7,6,1,12,3,2,4,11,11,10
TGTNBR-000019,"TS12 R18 Черный Купаж, 250г (Л)",Чай,NIKTEA_TS,Листовой,1,0,0,0,0,0,1,0,2,2,1,0,0,10,0,1,0,0,0,0,0,1,0
TGTNBR-000020,"TS13 R18 Алтайский сбор №1, 100г (Л)",Чай,NIKTEA_TS,Листовой,4,13,37,21,9,14,9,15,35,19,32,52,29,26,49,22,38,39,12,48,29,41,23
TGTNBR-000021,"TS14 R18 Алтайский сбор №2, 100г (Л)",Чай,NIKTEA_TS,Листовой,27,67,62,36,76,63,27,69,65,75,66,83,35,55,34,65,33,40,49,45,56,44,108
TGTNBR-000022,"TS15 R18 Чабрец, 100г (Л)",Чай,NIKTEA_TS,Листовой,8,12,10,18,20,16,10,15,30,9,48,44,10,52,30,22,26,17,22,25,17,25,28
TGTNBR-000023,"TS16 R18 Душица, 100г (Л)",Чай,NIKTEA_TS,Листовой,0,0,0,0,0,0,0,0,0,2,0,0,0,10,0,0,0,0,0,0,0,0,1
TGTNBR-000024,"TS17 R18 Лист Смородины, 100г (Л)",Чай,NIKTEA_TS,Листовой,2,4,0,1,9,2,-1,0,10,2,10,10,5,6,10,0,0,0,3,3,4,4,15
TGTNBR-000026,"TS19 R18 Лаванда, 100г (Л)",Чай,NIKTEA_TS,Листовой,1,3,1,3,4,2,0,1,8,7,9,3,5,4,4,0,11,10,14,3,12,8,12
TGTNBR-000027,"TS20 R18 Гречишный чай гранулированный, 250 г (Л)",Чай,NIKTEA_TS,Листовой,19,40,29,47,36,39,17,45,49,30,45,60,40,68,48,53,48,44,50,42,67,130,84
TGTNBR-000029,"TS22 R18 Гречишный Чай, 250 г",Чай,NIKTEA_TS,Листовой,7,11,9,10,15,11,15,4,18,26,22,12,3,4,18,10,14,4,1,8,17,9,9
TGTNBR-000030,"TS23 R18 Матча Традиционная, 150 г",Чай,NIKTEA_TS,Матча,36,78,88,102,93,113,75,101,88,117,100,85,43,91,87,149,113,53,71,96,71,88,68
TGTNBR-000033,"TS26 R18 Травы Алтая (Иван-чай с черемухой и таволгой), 100 г",Чай,NIKTEA_TS,Матча,0,0,0,0,0,0,0,0,0,3,4,16,2,8,9,18,15,0,10,21,0,33,5
TGTNBR-000034,"TS27 R18 Алтайский №3, 250 г",Чай,NIKTEA_TS,Матча,8,0,0,2,4,5,0,4,15,6,0,1,1,11,0,3,0,3,1,0,0,1,0
TGTNBR-000035,"TS28 R18 Саган-Дайля, 100 г",Чай,NIKTEA_TS,Матча,0,4,3,2,0,2,0,2,1,16,20,16,6,10,8,0,4,7,1,0,4,9,1
TGTNBR-000036,"TS29 Анчан / Butterfly Pea Flower, 100 г",Чай,NIKTEA_TS,Листовой,0,0,0,5,1,3,14,2,4,8,1,6,0,1,3,7,14,9,10,35,11,9,10
TGTNBR-000037,"TS30 Ройбуш / Rooibush, 250 г (Л)",Чай,NIKTEA_TS,Листовой,0,0,3,0,15,6,0,0,1,2,2,3,1,2,3,6,1,5,0,1,6,3,10
TGTNBR-000039,"TS32 Каркаде / Hibiscus, 150 г",Чай,NIKTEA_TS,Листовой,0,0,0,2,6,2,0,0,4,3,5,11,4,1,12,9,19,8,12,21,11,13,22
TGTNBR-000040,"TS33 Габа / Gaba Oolong, 250 г (Л)",Чай,NIKTEA_TS,Листовой,0,0,0,2,0,4,1,0,2,0,0,0,0,0,3,1,7,4,2,0,4,4,4
TGTNBR-000042,"TS34 Чай Niktea ""Тибетская снежная ромашка""/ Niktea ""Tibetan Сhamomile"", чайный напиток",Чай,NIKTEA_TS,Листовой,0,0,0,0,0,0,0,0,0,0,0,0,0,0,0,0,0,0,12,6,23,18,18
TGTNBR-000043,"TS35 Чай Niktea ""Гекуро""/ Niktea ""Gyokuro"", чай зеленый байховый крупнолистовой японский, листовой",Чай,NIKTEA_TS,Листовой,0,0,0,0,0,0,0,0,0,0,0,0,0,0,0,0,0,0,0,0,0,1,0
TGTNBR-000044,"TS36 Чай Niktea ""Хвоя Алтая""/ Niktea ""Altai needles"", чай черный байховый крупнолистовой ",Чай,NIKTEA_TS,Листовой,0,0,0,0,0,0,0,0,0,0,0,0,0,0,0,0,0,0,4,1,8,7,19
TNIKTE-GP0001,"ЧН110 R18 Юньнань Пуэр, 250г (Л)",Чай,NIKTEA_R18,Листовой,13,31,24,20,12,19,15,12,16,24,32,36,18,18,20,24,32,16,33,30,24,41,31
TNIKTE-GP0002,"ЧН210 R18 Шоколадный Меланж, 250г (Л)",Чай,NIKTEA_R18,Листовой,1,2,4,1,1,3,2,2,4,13,0,5,6,7,3,4,5,3,0,1,3,2,3
TNIKTE-GP0003,"ЧН305 R18 Генмайча Грин, 250г (Л)",Чай,NIKTEA_R18,Листовой,1,0,1,2,2,6,1,0,1,4,0,2,1,1,6,2,2,0,1,2,2,3,0
TNIKTE-GP0004,"ЧН310 R18 Колодец Дракона, 250г (Л)",Чай,NIKTEA_R18,Листовой,1,4,1,1,2,0,1,4,0,2,3,1,1,3,1,3,6,6,1,1,4,4,1
TNIKTE-GP0005,"ЧН405 R18 Жемчужины Дракона, 250г (Л)",Чай,NIKTEA_R18,Листовой,5,2,12,0,4,3,6,11,11,6,3,6,2,11,2,5,0,10,6,2,0,3,1
TNIKTE-GP0006,"ЧН410 R18 Женьшеневый Улун, 500г (Л)",Чай,NIKTEA_R18,Листовой,3,9,3,5,5,5,8,5,7,7,10,2,1,7,5,10,8,2,7,5,10,6,3
TNIKTE-GP0007,"ЧН420 R18 Марракеш Найт, 500г (Л)",Чай,NIKTEA_R18,Листовой,9,8,9,19,11,15,2,11,14,16,5,11,15,8,8,19,24,22,13,11,33,43,51
TNIKTE-GP0008,"TS06 R18 Аджарский Чай (Грузинский №36, черный), 250 г (Л)",Чай,NIKTEA_TS,Листовой,1,0,2,1,5,0,12,10,2,7,16,22,2,20,2,8,3,0,2,2,11,2,2
TNIKTE-GP0009,"TS08 R18 Мыс Целебных Трав, 150г (Л)",Чай,NIKTEA_TS,Листовой,17,36,59,60,44,43,35,35,53,69,67,132,37,70,120,55,63,46,46,52,64,95,43
TNIKTE-GP0011,"ЧН435 R18 Цветочная Сенча, 150г (Л)",Чай,NIKTEA_R18,Листовой,1,2,1,4,0,2,8,0,3,11,0,5,1,11,0,2,9,0,0,6,0,19,9
TNIKTE-GP0012,"ЧН515 R18 Краснополянский Сбор, 200г (Л)",Чай,NIKTEA_R18,Листовой,39,49,50,73,61,75,40,47,86,126,88,102,76,89,70,104,68,70,50,64,58,119,92
TNIKTE-GP0013,"TS09 R18 Иван-Чай NEW, 100г (Л)",Чай,NIKTEA_TS,Листовой,20,14,29,21,44,14,11,23,54,29,15,71,37,37,52,45,66,31,56,25,22,73,61
TNIKTE-GP0015,"TS02 R18 Те Гуань Инь (Богиня Милосердия), 250 г (Л)",Чай,NIKTEA_TS,Листовой,5,16,8,17,17,14,4,11,14,12,15,18,6,11,14,14,20,6,10,12,9,13,15
TNIKTE-GP0016,"TS03 R18 Да Хун Пао (Большой Красный Халат), 150г (Л)",Чай,NIKTEA_TS,Листовой,5,15,4,3,3,6,2,9,2,4,1,11,5,0,5,9,7,7,4,2,4,11,6
TNIKTE-GP0017,"TS07 R18 Сбитень Монастырский, 150г (Л)",Чай,NIKTEA_TS,Листовой,1,5,3,11,0,2,1,0,9,9,9,10,14,23,12,10,8,7,5,18,7,25,29
TNIKTE-GP0018,"TS05 R18 Свежая Роса (Грузинский №36, зеленый), 250 г (Л)",Чай,NIKTEA_TS,Листовой,1,0,0,0,0,0,2,0,0,12,0,0,0,0,0,0,0,0,0,0,0,0,0
TNIKTE-GP0019,"ЧН205 R18 Горный Чабрец, 250г (Л)",Чай,NIKTEA_R18,Листовой,111,93,153,147,124,155,148,137,187,236,199,234,126,162,169,187,152,113,104,143,211,237,177
TNIKTE-GP0020,"TS10 R18 Сливочный Улун, 250г",Чай,NIKTEA_TS,Листовой,26,35,26,44,27,40,16,35,35,49,55,37,26,27,46,55,37,28,24,26,23,50,58
TNIKTE-GP0021,"TS04 R18 Узбекский Чай №95, 250 г",Чай,NIKTEA_TS,Листовой,0,0,0,0,0,0,0,7,0,6,1,12,0,0,2,2,1,0,4,32,2,2,3
TNIKTE-GP0022,"ЧН100 R18 Цейлон Высокогорный ,250г",Чай,NIKTEA_R18,Листовой,31,18,39,87,13,43,55,32,60,91,65,73,43,54,52,56,43,32,30,30,58,41,57
TNIKTE-L00001,"ЧН225 R18 Таёжный Сбор, 250г (Л)",Чай,NIKTEA_R18,Листовой,48,79,88,85,85,102,76,76,166,116,160,191,93,122,93,130,94,96,77,103,123,140,138
TNIKTE-L00002,"ЧН300 R18 Сенча Классик, 250г (Л)",Чай,NIKTEA_R18,Листовой,157,163,173,206,210,220,162,130,224,245,250,249,197,203,174,212,178,182,146,200,222,210,181
TNIKTE-L00003,"ЧН315 R18 Молочный Улун, 250г (Л)",Чай,NIKTEA_R18,Листовой,161,205,223,301,227,272,218,235,244,285,292,299,232,248,228,270,278,212,193,240,275,348,308
TNIKTE-L00004,"ЧН200 R18 Эрл Грей Особый, 250г (Л)",Чай,NIKTEA_R18,Листовой,183,218,220,301,227,252,168,250,260,319,270,317,236,302,255,290,271,203,198,244,271,373,347
TNIKTE-L00005,"ЧН400 R18 Серебряный Жасмин, 250г (Л)",Чай,NIKTEA_R18,Листовой,121,166,169,202,205,219,178,158,203,223,248,253,164,190,198,194,217,152,184,210,195,299,242
TNIKTE-L00006,"ЧН505 R18 Пина Колада, 250г (Л)",Чай,NIKTEA_R18,Листовой,39,48,58,90,67,81,75,54,95,111,67,68,39,51,90,63,57,46,50,47,68,134,129
TNIKTE-L00007,"ЧН105 R18 Ассам Суприм Блэк, 250г (Л)",Чай,NIKTEA_R18,Листовой,492,629,584,619,594,594,426,537,670,799,724,778,724,621,607,587,584,447,511,596,591,750,745
TNIKTE-L00008,"ЧН500 R18 Золотая Лагуна, 250г (Л)",Чай,NIKTEA_R18,Листовой,15,24,43,29,44,35,46,23,29,54,49,35,35,25,41,31,35,26,25,34,35,64,32
TNIKTE-L00009,"ЧН600 R18 Ассам Бэйсик, 600 г",Чай,NIKTEA_R18,Листовой,6,21,25,117,13,15,12,75,22,60,31,66,5,35,56,47,43,5,103,10,41,42,8
TNIKTE-L00014,"ЧН740 R18 Молочный Улун, 200 г",Чай,NIKTEA_R18,Листовой,0,1,0,6,1,1,5,0,1,0,0,0,0,0,0,0,0,0,0,0,0,0,0
TNIKTE-L00018,"ЧН610 R18 Чайна Бэйсик, 600 г",Чай,NIKTEA_R18,Листовой,3,8,8,13,9,5,12,14,10,6,10,14,3,10,8,11,6,4,5,10,7,8,17
TNIKTE-L00021,"ЧН630 R18 Жасмин Бэйсик / Jasmine Basic, 600 г",Чай,NIKTEA_R18,Листовой,0,1,0,2,2,0,1,1,1,3,2,0,0,0,1,3,0,2,0,2,1,2,7
TNIKTE-L00022,"ЧН520 R18 Дикие Травы / Raspberry Mint, 250 г",Чай,NIKTEA_R18,Листовой,1,1,2,1,2,1,9,2,2,3,7,8,3,5,0,7,5,6,17,6,3,8,10
TNIKTE-L00023,"ЧН640 R18 Сицилийский Лимон / Lemon Basic, 600 г",Чай,NIKTEA_R18,Листовой,0,0,2,0,1,0,0,0,2,10,0,1,0,0,1,1,0,2,1,2,1,3,1
TNIKTE-L00024,"ЧН650 R18 Дикая Вишня / Cherry Basic, 600 г",Чай,NIKTEA_R18,Листовой,0,0,0,2,1,1,1,1,2,2,6,4,0,3,1,5,4,5,1,1,7,5,2
TNIKTE-L00025,"ЧН660 R18 Энергия / Herbal Basic, 400 г",Чай,NIKTEA_R18,Листовой,1,2,1,5,3,0,0,0,0,11,0,3,0,1,5,0,1,2,2,0,3,3,1
TNIKTE-L00026,"ЧН670 R18 Ягодный Пунш / Berry Basic, 800 г",Чай,NIKTEA_R18,Листовой,0,11,4,1,3,2,2,0,2,13,1,8,8,2,2,9,1,1,1,3,8,9,7
TNIKTE-L00027,"ЧН525 R18 Сила Природы / Rooibush Mix, 250 г",Чай,NIKTEA_R18,Листовой,1,1,0,0,0,0,0,1,0,0,1,5,3,2,8,8,6,8,18,4,6,13,6
TNIKTE-L00028,"NP01 Русский Завтрак , 15х2,7г (ПП)",Чай,NIKTEA,ПираПак,0,0,0,22,12,180,74,74,172,366,241,441,150,186,270,274,224,156,139,165,247,277,259
TNIKTE-L00029,"NP02 Эрл Грей , 15х2,7г (ПП)",Чай,NIKTEA,ПираПак,0,0,0,4,12,57,62,94,86,291,201,259,110,139,161,204,132,112,102,104,212,226,197
TNIKTE-L00030,"NP03 Сибирский Сбор , 15х2,7г (ПП)",Чай,NIKTEA,ПираПак,0,0,0,5,15,46,47,37,41,235,220,282,127,263,117,143,97,86,49,73,161,190,171
TNIKTE-L00031,"NP04 Зеленый Ветер , 15х2,7г (ПП)",Чай,NIKTEA,ПираПак,0,0,0,17,11,63,50,94,125,289,266,175,105,165,154,222,109,99,98,98,117,174,130
TNIKTE-L00032,"NP05 Молочный Улун , 15х2,7г (ПП)",Чай,NIKTEA,ПираПак,0,0,0,9,15,37,43,74,57,121,70,141,55,93,113,132,68,63,37,71,143,109,130
TNIKTE-L00033,"NP06 Имбирный Тропик, 15х2,7г (ПП)",Чай,NIKTEA,ПираПак,0,0,0,4,13,91,38,33,16,175,111,205,68,82,109,77,54,55,8,45,105,144,122
TNIKTE-L00034,"NP07 Лесная Медитация , 15х2,0 г (ПП)",Чай,NIKTEA,ПираПак,0,0,0,8,15,89,47,47,40,228,121,129,58,116,42,136,61,72,42,48,100,114,109
TNIKTE-L00035,"NP08 Клубничная Панна-Котта , 15х2,7г (ПП)",Чай,NIKTEA,ПираПак,0,0,0,8,14,50,52,52,17,165,93,187,73,142,125,86,100,67,20,59,123,145,145